ORIG_SEQ,RASTERVALU,x_coordinate,y_coordinate
1,839.0247192,-79.79076771,36.06763864
2,836.2925415,-79.7890874,36.06812533
3,835.7904053,-79.78738494,36.06856203
4,836.5751343,-79.78565929,36.06893225
5,812.6880493,-79.78391736,36.06925188
6,828.2207642,-79.78216932,36.06954882
7,824.2484131,-79.78043242,36.06988563
8,818.8632202,-79.77868946,36.0702003
9,812.4609985,-79.77694124,36.07049619
10,807.788147,-79.77519923,36.07081507
11,810.1032104,-79.773445,36.07108751
12,812.0220947,-79.77169832,36.07138921
13,813.8933105,-79.76995688,36.07171055
14,816.0164185,-79.76822876,36.0720751
15,803.8636475,-79.76653423,36.07253177
16,814.4404907,-79.76482629,36.07295396
17,815.4099731,-79.76313722,36.07342385
18,810.390686,-79.76144815,36.07389375
19,805.6069336,-79.75975578,36.07435546
20,805.394043,-79.75804094,36.07475956
21,803.7675171,-79.75634972,36.0752212
22,804.2921143,-79.75476663,36.0758863
23,798.7351685,-79.75332628,36.0767373
24,802.345459,-79.75189868,36.07760481
25,806.1416626,-79.7504768,36.07847873
26,807.8696289,-79.74905494,36.07935265
27,807.8950195,-79.74763307,36.08022656
28,805.0698242,-79.74618743,36.08107413
29,809.9569092,-79.74471254,36.08188808
30,809.4759521,-79.7432024,36.0826592
31,808.2126465,-79.7416294,36.0833372
32,809.3995972,-79.73995252,36.08383265
33,808.1734619,-79.73822008,36.08417766
34,803.3860474,-79.73645129,36.08437802
35,802.3812256,-79.73468261,36.08458039
36,801.8966675,-79.73290783,36.08474348
37,802.8275757,-79.73113208,36.08490027
38,803.6968994,-79.72935633,36.08505705
39,800.1116943,-79.72758233,36.08522586
40,796.7439575,-79.72580658,36.0853792
41,791.5251465,-79.72402534,36.08548785
42,789.5248413,-79.7222415,36.08555259
43,787.9266968,-79.72045534,36.08556667
44,786.5378418,-79.71866922,36.08558389
45,783.7267456,-79.71688319,36.08560421
46,779.8765869,-79.71509694,36.08559146
47,774.8206177,-79.71331076,36.08558489
48,770.0657349,-79.71152527,36.0856281
49,765.1846924,-79.70974413,36.08573061
50,760.6766968,-79.70797005,36.0858989
51,758.0892334,-79.70619825,36.08608238
52,756.0998535,-79.70442801,36.08627528
53,750.2178345,-79.70266892,36.08652448
54,745.5151978,-79.70092802,36.08684793
55,740.3587646,-79.69918579,36.08716665
56,736.163269,-79.69744302,36.08748346
57,727.2014771,-79.69571326,36.08784295
58,728.5378418,-79.6940296,36.08831883
59,722.7663574,-79.69245681,36.08899857
60,720.2854614,-79.69105742,36.0898912
61,716.9766235,-79.68980315,36.09091844
62,708.1558228,-79.68849496,36.09189868
63,705.9567871,-79.68702548,36.09271647
64,712.7185059,-79.68542716,36.09335744
65,704.0059204,-79.68380566,36.09396297
66,710.1547241,-79.68217577,36.09455367
67,714.5493164,-79.68053777,36.09512937
68,719.1472778,-79.67889402,36.09569442
69,724.2282104,-79.67725027,36.09625947
70,728.9284058,-79.67560651,36.09682451
71,733.8193359,-79.67396276,36.09738955
72,736.7001953,-79.67231901,36.09795459
73,737.59729,-79.67067676,36.09852243
74,739.5927734,-79.66902875,36.09907874
75,740.8894043,-79.66737828,36.09962968
76,739.5505981,-79.6658021,36.10030476
77,738.1828003,-79.66436301,36.10115901
78,742.1158447,-79.66303546,36.10212133
79,746.1243896,-79.66174372,36.1031181
80,747.1364746,-79.66044116,36.10410574
81,746.7909546,-79.65912033,36.10507722
82,747.5383301,-79.65776457,36.1060168
83,748.588623,-79.65630183,36.10684306
84,749.5991211,-79.65475472,36.10756338
85,749.1589355,-79.65314025,36.10817943
86,745.8850098,-79.6514532,36.10865161
87,745.5823975,-79.64972046,36.1089997
88,745.1176147,-79.64795886,36.10923643
89,743.2227173,-79.64617799,36.1093294
90,743.2388306,-79.64439242,36.1092875
91,745.4569702,-79.64260845,36.10921359
92,748.4934082,-79.64082619,36.10911751
93,752.2232666,-79.63904544,36.10900452
94,754.3834839,-79.63726752,36.10886477
95,752.0233765,-79.63548938,36.10872715
96,746.6572266,-79.63370684,36.10863333
97,741.567749,-79.63192376,36.10854684
98,736.3533936,-79.63014036,36.10856759
99,731.4364624,-79.62839436,36.1088658
100,726.7126465,-79.62675918,36.10944209
101,720.0117798,-79.62517488,36.11010875
102,716.3873901,-79.62357936,36.11075761
103,709.9177856,-79.62198667,36.11141092
104,705.4143066,-79.62040968,36.11208869
105,702.0958252,-79.61884044,36.11277818
106,694.4603882,-79.61722078,36.11338445
107,690.8252563,-79.61550155,36.11375857
108,685.0455322,-79.61372239,36.11380797
109,681.7113647,-79.61195192,36.11362435
110,675.3324585,-79.61019097,36.11338277
111,670.991333,-79.60841844,36.11320472
112,662.5231934,-79.60663462,36.11318263
113,657.446106,-79.60485275,36.11328355
114,657.2159424,-79.60307374,36.11341281
115,661.2531738,-79.60129725,36.11356398
116,667.4257202,-79.59952628,36.1137524
117,671.8028564,-79.59775248,36.11392141
118,676.4031372,-79.59597084,36.11401756
119,681.7125244,-79.59418481,36.11401157
120,683.9274292,-79.59239967,36.11395907
121,689.6135864,-79.59061384,36.11394642
122,695.2614136,-79.58882776,36.11392895
123,699.4256592,-79.58704173,36.11390293
124,705.9952393,-79.58525559,36.11389479
125,711.4153442,-79.58346952,36.11389366
126,715.1517944,-79.58168592,36.11381672
127,718.7421875,-79.57990797,36.11367901
128,725.1165161,-79.57813638,36.11349412
129,730.9768066,-79.57636507,36.11330759
130,735.7460938,-79.57459735,36.1130999
131,736.2161865,-79.57282963,36.1128922
132,733.0563354,-79.57106144,36.11268721
133,734.128479,-79.56929094,36.11249562
134,736.8737183,-79.56752026,36.11230507
135,738.6506958,-79.56574821,36.11212307
136,734.0297852,-79.56398191,36.11190877
137,729.7172241,-79.56222681,36.1116428
138,724.8196411,-79.56048035,36.11133964
139,721.4865723,-79.55873063,36.11104939
140,716.2529297,-79.55697665,36.11077604
141,714.4978638,-79.55524015,36.11044142
142,717.1763306,-79.55359609,36.10988513
143,722.2576294,-79.55200192,36.10923413
144,727.7785645,-79.55038791,36.10861577
145,731.3765869,-79.54878627,36.10797672
146,729.0271606,-79.54718463,36.10733767
147,724.2805176,-79.54558298,36.10669862
148,723.0078125,-79.54398134,36.10605956
149,720.8779297,-79.54237968,36.1054205
150,718.9119873,-79.54077803,36.10478144
151,716.5528564,-79.53918336,36.10413161
152,710.1130981,-79.53760108,36.10346178
153,707.1427002,-79.53596901,36.1028767
154,703.9290161,-79.53426637,36.1024456
155,707.5048218,-79.53250043,36.1022311
156,703.1609497,-79.53071711,36.10225821
157,700.06073,-79.52893993,36.10239138
158,697.7276611,-79.52716264,36.10252975
159,694.6298828,-79.52537905,36.10259457
160,699.7025146,-79.52359505,36.10253646
161,700.6113892,-79.52187346,36.1021617
162,708.3928223,-79.52020958,36.10163798
163,708.9624023,-79.51857044,36.10106427
164,704.6881104,-79.51689292,36.10056884
165,706.6881104,-79.51515346,36.10027223
166,708.6702271,-79.51336876,36.10032022
167,704.8388672,-79.51158389,36.10037834
168,711.9591675,-79.50979829,36.10041444
169,715.671875,-79.50801321,36.10046837
170,715.5176392,-79.50622814,36.1005223
171,713.9456177,-79.50444307,36.10057623
172,711.1550293,-79.502658,36.10063016
173,709.2034912,-79.50087293,36.10068409
174,704.3619385,-79.49908786,36.10073803
175,702.6920776,-79.4973036,36.10080672
176,702.5040283,-79.4955199,36.10088445
177,691.2373657,-79.49373726,36.10097704
178,693.31427,-79.4920072,36.10131397
179,692.8508301,-79.49039219,36.10192651
180,690.3016968,-79.48896335,36.10278224
181,692.7856445,-79.48768713,36.10379167
182,692.9669189,-79.48646088,36.1048409
183,691.8742065,-79.48526503,36.10591301
184,691.4672241,-79.48406917,36.1069851
185,691.541687,-79.48287331,36.10805718
186,691.6061401,-79.48164242,36.10910298
187,696.0079346,-79.48037555,36.11012002
188,694.569458,-79.47890281,36.11093445
189,693.2888184,-79.47730189,36.11157172
190,693.6490479,-79.4756125,36.11203401
191,697.2305298,-79.47385846,36.11229911
192,695.2704468,-79.47207667,36.11237893
193,700.1746216,-79.47029784,36.1122655
194,698.9020386,-79.46855807,36.11194817
195,694.0057983,-79.46689873,36.11142347
196,694.8746948,-79.46532241,36.1107446
197,697.7728882,-79.46376076,36.11004399
198,698.875061,-79.46220586,36.10933365
199,697.2433472,-79.46065677,36.10861501
200,693.5860596,-79.45910767,36.10789636
201,689.6552124,-79.45755857,36.10717771
202,686.1374512,-79.45600948,36.10645906
203,682.4324341,-79.45446005,36.10574087
204,680.2177734,-79.45291912,36.10501096
205,678.0145264,-79.45136945,36.10429402
206,673.5663452,-79.44976233,36.10366538
207,671.6260376,-79.4480735,36.10319634
208,668.756958,-79.44639796,36.10269733
209,673.739563,-79.4447635,36.1021159
210,672.1931763,-79.44320519,36.10141276
211,670.2406616,-79.44173791,36.10059104
212,668.3999634,-79.44037306,36.09966118
213,667.4831543,-79.43913805,36.09861976
214,666.0609741,-79.43801524,36.09749786
215,663.0466919,-79.43697185,36.0963264
216,662.465271,-79.43589796,36.09517309
217,662.7852173,-79.43481404,36.09402577
218,660.3848267,-79.43371515,36.09288782
219,642.260376,-79.43257841,36.09177434
220,644.3353271,-79.43147192,36.09064118
221,650.7318726,-79.43036885,36.08950576
222,645.5229492,-79.42921061,36.08840747
223,644.7276001,-79.42785996,36.08747557
224,649.1654053,-79.42622901,36.08690065
225,654.2195435,-79.42446554,36.08668458
226,656.9953613,-79.42268443,36.08657666
227,657.8935547,-79.42090298,36.08648527
228,660.0739136,-79.4191734,36.08614062
229,659.0751953,-79.4175147,36.08560491
230,659.5561523,-79.41585624,36.08506877
231,658.4644775,-79.41420415,36.08451975
232,657.3547974,-79.41255267,36.08396953
233,655.7565918,-79.41090335,36.08341509
234,655.5708618,-79.40925402,36.08286066
235,652.6348267,-79.40760469,36.08230623
236,647.1455078,-79.40595536,36.08175179
237,641.9397583,-79.40430936,36.08119099
238,638.0663452,-79.40266854,36.0806203
239,632.25354,-79.40098678,36.08014475
240,626.3880005,-79.39921208,36.08006722
241,622.8468018,-79.39747032,36.08038254
242,616.6860962,-79.39573785,36.08073434
243,610.918396,-79.39399993,36.08106798
244,605.5900879,-79.39226302,36.0814052
245,599.3294067,-79.39052612,36.08174242
246,594.5887451,-79.38878922,36.08207964
247,588.7080688,-79.38705232,36.08241686
248,577.5033569,-79.38532063,36.08277076
249,573.9640503,-79.38359904,36.08315538
250,573.1516113,-79.38192233,36.083634
251,568.7029419,-79.3805293,36.08452937
252,563.0258789,-79.3793006,36.08557607
253,558.6898193,-79.37787951,36.08644064
254,551.298584,-79.376203,36.0869178
255,549.9328613,-79.37443481,36.08711179
256,546.5103149,-79.37265753,36.08725173
257,530.9824829,-79.37092401,36.08759057
258,535.1863403,-79.36925438,36.08810245
259,476.8240356,-79.36760518,36.08865709
260,535.7666016,-79.36595224,36.08920405
261,539.335144,-79.36426583,36.08967887
262,539.1992188,-79.36251423,36.08992711
263,549.3654785,-79.36073089,36.08999788
264,549.4777832,-79.35894494,36.09000067
265,561.1704102,-79.35716163,36.09008368
266,563.8283691,-79.3553976,36.0903032
267,570.2753906,-79.35367735,36.09069162
268,574.97229,-79.35193977,36.0910265
269,579.6430054,-79.35021173,36.0913852
270,579.7401733,-79.34867381,36.09210929
271,578.3144531,-79.34713041,36.09282085
272,573.0044556,-79.34537375,36.09301053
273,566.7475586,-79.34360419,36.0928241
274,562.0206909,-79.34184747,36.09256245
275,556.7476807,-79.34008942,36.09230668
276,551.0982056,-79.33833146,36.09205076
277,543.335083,-79.33660974,36.09167208
278,541.0358887,-79.33496645,36.09111098
279,535.3729248,-79.33324215,36.09075284
280,540.1364136,-79.33146298,36.09064333
281,543.2929077,-79.32969493,36.09083077
282,548.1668701,-79.3279397,36.09109824
283,553.8640747,-79.32631248,36.09166361
284,557.1865234,-79.3250094,36.09264508
285,564.2236938,-79.32368845,36.09360707
286,569.9952393,-79.32203121,36.09411505
287,574.0166016,-79.32025008,36.09408691
288,576.4059448,-79.31850048,36.09380239
289,584.0167236,-79.31672926,36.09362452
290,587.963623,-79.31494427,36.09359298
291,593.6651001,-79.31316655,36.09371971
292,598.4802856,-79.31144186,36.09407959
293,603.9564209,-79.30984395,36.09471716
294,607.857666,-79.30837086,36.09553276
295,614.0619507,-79.30688188,36.09632971
296,618.4980469,-79.30534767,36.09706864
297,621.4143677,-79.3037084,36.09764104
298,625.8884888,-79.30202384,36.09812006
299,628.4465942,-79.30029192,36.09847092
300,637.1286011,-79.29852835,36.09869283
301,636.2436523,-79.29674572,36.09873436
302,644.5634155,-79.29495969,36.09871349
303,647.5637207,-79.29317424,36.09866847
304,654.8681641,-79.29139023,36.09859704
305,659.0950928,-79.28960679,36.09851517
306,663.1599121,-79.28782335,36.09843329
307,668.1264648,-79.28603991,36.09835141
308,672.8721313,-79.28425647,36.09826953
309,676.7837524,-79.28247302,36.09818765
310,676.7719116,-79.28069064,36.09809189
311,673.4724731,-79.27890827,36.09799595
312,668.6032104,-79.27712767,36.09788153
313,672.0143433,-79.27534819,36.09775536
314,670.3806152,-79.2735834,36.09753535
315,672.5762939,-79.27186294,36.09714945
316,676.6925659,-79.27015872,36.0967172
317,678.4274292,-79.26846797,36.09625161
318,677.5814819,-79.26677995,36.09577939
319,675.2734985,-79.2650852,36.09532381
320,676.5679321,-79.26339196,36.0948655
321,681.9424438,-79.26171247,36.09437696
322,685.159729,-79.2599783,36.09403157
323,686.2843628,-79.25822258,36.09376577
324,689.822998,-79.25647523,36.09346597
325,692.5204468,-79.25472802,36.09316556
326,693.2003784,-79.25297758,36.0928778
327,693.394165,-79.25123202,36.09257143
328,696.3121948,-79.24953183,36.0921321
329,698.9730835,-79.24787975,36.09158496
330,701.6189575,-79.24628159,36.09094026
331,702.812439,-79.24469363,36.09027915
332,705.7992554,-79.243105,36.08961909
333,709.9309692,-79.24151936,36.08895435
334,714.0302124,-79.23993371,36.08828961
335,717.1622925,-79.23834922,36.08762309
336,720.5077515,-79.23677389,36.0869425
337,722.9796753,-79.23517505,36.0862996
338,724.5991821,-79.23350927,36.08578003
339,722.7655029,-79.23179383,36.08537975
340,721.079834,-79.23004002,36.0851092
341,720.7057495,-79.22827196,36.08490335
342,722.7411499,-79.22650605,36.08468655
343,724.7139893,-79.22473441,36.08450192
344,721.9628296,-79.22296606,36.0842978
345,717.7116699,-79.22119825,36.08409052
346,712.5320435,-79.21943045,36.08388323
347,709.4223633,-79.21766237,36.08367744
348,707.6369019,-79.21589369,36.08347509
349,704.8547974,-79.21412501,36.08327274
350,702.0744629,-79.21235632,36.08307038
351,700.8895264,-79.21058857,36.08286282
352,699.0274048,-79.20882091,36.08265472
353,698.6803589,-79.20705324,36.08244662
354,700.1866455,-79.20528558,36.08223852
355,702.2341309,-79.20351792,36.08203043
356,703.6494141,-79.20175026,36.08182233
357,702.8394165,-79.19998259,36.08161423
358,699.2827148,-79.19821615,36.08139961
359,694.3764038,-79.19644805,36.08119468
360,689.0453491,-79.19467992,36.08099072
361,683.7493286,-79.19292104,36.08073888
362,680.1939087,-79.1911917,36.08038217
363,674.0518188,-79.18951938,36.07987533
364,670.7110596,-79.18790337,36.07926125
365,667.7846069,-79.18634805,36.0785516
366,662.286438,-79.18475451,36.07790354
367,666.3800049,-79.18302925,36.07755593
368,665.1947021,-79.18125782,36.07766441
369,666.3365479,-79.17954225,36.07806224
370,666.3713989,-79.17786208,36.07855249
371,662.5735474,-79.1761549,36.07897476
372,659.1583252,-79.17439612,36.07919343
373,659.6541138,-79.17261271,36.07927072
374,659.1743164,-79.17082717,36.07930875
375,660.0836182,-79.16904086,36.07931265
376,663.8562622,-79.16725455,36.07931655
377,668.484314,-79.16546823,36.07932045
378,666.2203979,-79.16368212,36.07930431
379,659.1515503,-79.16189754,36.07924468
380,657.9431763,-79.16017549,36.07889629
381,651.6834106,-79.15867257,36.07812886
382,647.729126,-79.15734393,36.07716435
383,642.3369751,-79.15593532,36.07628122
384,632.2871094,-79.15427877,36.07575889
385,631.098877,-79.15251916,36.07551422
386,623.3577881,-79.15079305,36.07515151
387,619.2121582,-79.14922961,36.07446775
388,614.3152466,-79.14781426,36.07358754
389,609.3947144,-79.14632572,36.07279431
390,604.1576538,-79.14462373,36.07237837
391,599.6195068,-79.14284449,36.07242156
392,593.255249,-79.14106547,36.07255192
393,586.2365112,-79.1392875,36.07269128
394,581.463562,-79.13750968,36.07283197
395,576.6325073,-79.13573211,36.0729747
396,517.2946167,-79.13395463,36.07311815
397,569.8931274,-79.13217378,36.07321819
398,565.5828247,-79.13042238,36.07296585
399,553.4875488,-79.12884402,36.07230367
400,562.5097046,-79.12747352,36.07138255
401,565.6018677,-79.12618739,36.07038137
402,567.9212646,-79.12475578,36.0695268
403,561.4811401,-79.12304886,36.06913214
404,556.0488892,-79.12127996,36.0692664
405,548.5344849,-79.11955646,36.06964594
406,547.2098999,-79.11783296,36.07002548
407,543.2977295,-79.11611092,36.0704093
408,535.8225098,-79.11439847,36.07082019
409,533.0249634,-79.11268022,36.07121435
410,530.0678711,-79.11093318,36.07150881
411,529.9776001,-79.10915182,36.07158917
412,531.2509766,-79.10736889,36.07152743
413,536.164917,-79.10559534,36.07136686
414,541.5709839,-79.1038785,36.07097963
415,547.4293213,-79.10231701,36.07028113
416,547.5280762,-79.10078791,36.06953481
417,550.947998,-79.09927655,36.06876513
418,554.842041,-79.09776518,36.06799544
419,559.2409058,-79.09625382,36.06722575
420,566.3023071,-79.09474029,36.06645921
421,573.9900513,-79.09333024,36.06557485
422,575.3112793,-79.09242517,36.06434214
423,573.3438721,-79.09198689,36.06294925
424,573.2672119,-79.09190516,36.06150762
425,575.4807129,-79.09146327,36.06011453
426,576.4777832,-79.09070905,36.05880624
427,575.1583252,-79.08992385,36.05750914
428,580.5879517,-79.08895342,36.05629852
429,577.8388672,-79.0875735,36.05540471
430,587.0154419,-79.08598808,36.05474097
431,593.6507568,-79.08434791,36.05416886
432,598.3795776,-79.08269929,36.05361311
433,604.6837158,-79.08101695,36.05313123
434,608.8258057,-79.07928503,36.05278165
435,605.8391724,-79.07752138,36.0525523
436,597.5625,-79.07577093,36.05226742
437,594.9338989,-79.07411523,36.05174644
438,576.4282227,-79.07278111,36.0508
439,582.5805664,-79.07162078,36.04970261
440,578.8354492,-79.07053389,36.0485567
441,574.7023315,-79.06945848,36.04740348
442,571.1623535,-79.06838035,36.04625199
443,577.0991821,-79.06722861,36.04514799
444,564.4504395,-79.06604368,36.04406792
445,559.5289917,-79.06474324,36.04307769
446,553.7424927,-79.06345409,36.04207798
447,550.6583862,-79.06215868,36.04108369
448,545.71875,-79.06084167,36.04010801
449,543.5877075,-79.05950837,36.03914692
450,541.7889404,-79.05820015,36.03816339
451,541.5855713,-79.05687529,36.03719453
452,538.7331543,-79.05542962,36.03635716
453,531.9927979,-79.05373295,36.03593975
454,525.864502,-79.05196385,36.03602488
455,521.5686646,-79.0503886,36.03668909
456,515.6494141,-79.0489139,36.03750398
457,511.0280151,-79.047439,36.03831889
458,505.8730774,-79.0459702,36.03914081
459,498.4373474,-79.04450587,36.03996617
460,495.9597168,-79.04284635,36.04047783
461,489.8088379,-79.0410713,36.0406063
462,486.3700562,-79.03932879,36.04031292
463,476.3885803,-79.03774929,36.03965704
464,476.4746704,-79.03640183,36.03872037
465,473.6369629,-79.03521875,36.03763902
466,470.8026428,-79.03400384,36.03658344
467,472.038269,-79.03248879,36.03583787
468,479.1296692,-79.03085195,36.0352601
469,482.6936646,-79.02917322,36.03476636
470,480.3184204,-79.02749307,36.03427584
471,474.3826294,-79.02576416,36.0339329
472,469.9243469,-79.02399054,36.03376564
473,465.7830505,-79.02220867,36.03366382
474,461.3439941,-79.02044005,36.03348028
475,450.7078552,-79.01881626,36.0328848
476,445.7188721,-79.01721221,36.0322491
477,450.1565552,-79.01562441,36.03158727
478,454.8690491,-79.01403717,36.03092453
479,455.0644531,-79.01245608,36.03025278
480,450.6745911,-79.0108643,36.0295984
481,450.9520874,-79.0092535,36.02897392
482,452.2787781,-79.00763188,36.02836873
483,456.4899902,-79.00594768,36.02789839
484,460.5264587,-79.00417299,36.02775269
485,464.3554077,-79.0024066,36.02794464
486,469.2374268,-79.00070896,36.02838724
487,471.9913635,-78.99910358,36.02901949
488,477.5501404,-78.99752565,36.02969521
489,481.274231,-78.99585156,36.03018314
490,485.5857849,-78.99408339,36.03037666
491,489.4237671,-78.99230307,36.03028207
492,492.6579895,-78.99055899,36.02997715
493,495.0010071,-78.98882714,36.02962326
494,498.0249329,-78.98709415,36.02927291
495,501.6952209,-78.98536253,36.02891816
496,503.764801,-78.98363152,36.02856147
497,500.6358032,-78.98189987,36.02820686
498,496.5461731,-78.9801624,36.02787135
499,492.4914246,-78.97842103,36.02754931
500,489.0176392,-78.97668655,36.02720385
501,483.469696,-78.97493497,36.02692719
502,478.4338379,-78.97315269,36.02689458
503,473.4677429,-78.97139774,36.02713556
504,470.2589111,-78.96971997,36.02762482
505,467.9106445,-78.96824306,36.02843402
506,463.3911743,-78.96681138,36.02929754
507,459.969696,-78.96522051,36.02993999
508,453.9394226,-78.96344675,36.03002231
509,453.914856,-78.96174312,36.02962333
510,447.9248352,-78.96034103,36.02874231
511,447.5733032,-78.95936055,36.02754115
512,441.5991516,-78.958597,36.02623537
513,436.7496643,-78.95781141,36.02493789
514,429.7832336,-78.95706245,36.02362659
515,427.9715576,-78.95610344,36.02241272
516,423.9004211,-78.95480785,36.02142057
517,420.4623108,-78.95341182,36.02051919
518,418.2105408,-78.95200766,36.0196261
519,416.7746887,-78.95058095,36.01875803
520,414.0491333,-78.94901235,36.01807786
521,411.8544617,-78.94728534,36.01771194
522,413.7005005,-78.94555176,36.01736344
523,414.2934265,-78.9438165,36.01702083
524,418.9602356,-78.9420695,36.01671936
525,420.9167786,-78.94033267,36.01638164
526,422.1898193,-78.9385959,36.01604369
527,424.2175293,-78.9369484,36.01550552
528,426.0203857,-78.93552738,36.01463813
529,427.4730225,-78.93444267,36.01349558
530,427.6099854,-78.93350859,36.01226407
531,426.6185303,-78.93259517,36.01102231
532,419.3209839,-78.93161675,36.00981379
533,417.3676453,-78.93043658,36.00873875
534,418.4060364,-78.92904086,36.0078369
535,420.9300232,-78.92746261,36.00717374
536,421.4778137,-78.92575497,36.0067559
537,416.6903381,-78.92400508,36.00646727
538,401.1317749,-78.92226461,36.00614273
539,413.6828308,-78.92054928,36.00574044
540,412.4477234,-78.91894675,36.00511222
541,410.8777466,-78.91743397,36.00434411
542,410.8015442,-78.91593662,36.00355609
543,412.243103,-78.91447178,36.00273259
544,411.0103455,-78.91328665,36.00165867
545,406.7147827,-78.91214042,36.00055094
546,398.0056458,-78.91083831,35.99956455
547,400.9780884,-78.90942308,35.99868416
548,399.5236816,-78.90795323,35.99786304
549,393.5581055,-78.90647892,35.99704701
550,394.7423401,-78.90500822,35.99622675
551,390.5386047,-78.9035424,35.99540076
552,390.0254822,-78.90207292,35.99457902
553,389.9502563,-78.90062181,35.99373677
554,386.4806213,-78.89924709,35.99281527
555,389.3268127,-78.89813561,35.99168749
556,393.7175293,-78.89729868,35.99041223
557,397.0127258,-78.89661604,35.98907694
558,402.4793091,-78.89588024,35.9877606
559,405.9202576,-78.89480312,35.98661401
560,409.8532104,-78.89336549,35.98576352
561,413.2279968,-78.89177758,35.98510362
562,414.7801208,-78.89017713,35.98446423
563,412.4746704,-78.88859342,35.98379561
564,407.6321716,-78.88700778,35.98313001
565,405.2633057,-78.88542361,35.98246208
566,404.6213989,-78.88384101,35.98179171
567,405.3447266,-78.88226615,35.98110959
568,406.8734436,-78.88068517,35.98043684
569,409.7235107,-78.87910076,35.97976924
570,410.0363464,-78.87751635,35.97910165
571,407.1036072,-78.87590753,35.97847504
572,402.6634521,-78.87436077,35.97775326
573,398.7103271,-78.87294824,35.97686917
574,393.3662415,-78.87161028,35.97591153
575,389.743866,-78.87027625,35.97495013
576,391.8564453,-78.86893953,35.97399118
577,395.145813,-78.86757842,35.97305496
578,396.3978271,-78.86622322,35.97211346
579,393.442749,-78.86484237,35.97119635
580,390.9679565,-78.86347649,35.97026466
581,394.4200134,-78.86213152,35.96931369
582,397.4021912,-78.86097122,35.96821868
583,400.9975586,-78.85996324,35.96702521
584,404.032959,-78.85897112,35.96582297
585,404.4237061,-78.85797078,35.96462521
586,406.3973083,-78.85699292,35.96341526
587,408.9401245,-78.85606909,35.96217791
588,408.4082031,-78.85527729,35.96088372
589,405.6978455,-78.85470892,35.95951307
590,405.1954346,-78.85411994,35.95814804
591,403.9961548,-78.8535272,35.95678402
592,402.2927246,-78.85293446,35.95541998
593,395.6338196,-78.85241973,35.95403831
594,398.2640991,-78.85165853,35.95273154
595,397.8317566,-78.85061669,35.95156335
596,394.4098816,-78.8493884,35.95051341
597,389.5713501,-78.84835745,35.94933681
598,383.6514282,-78.84779511,35.94797169
599,381.4315186,-78.84763277,35.94653635
600,375.1999817,-78.84801122,35.94512707
601,371.9683533,-78.84859872,35.94376152
602,374.8232727,-78.84909701,35.94237376
603,379.8561096,-78.84928377,35.94093763
604,382.2139282,-78.84933198,35.93949206
605,379.0736084,-78.849391,35.93804698
606,379.3026123,-78.84961706,35.93661554
607,379.4736633,-78.85013078,35.93523065
608,375.9836731,-78.85073778,35.93387035
609,372.6635742,-78.85132312,35.93250395
610,372.2888184,-78.85181706,35.93111466
611,372.600647,-78.85220534,35.9297046
612,370.8413086,-78.85236926,35.92826559
613,368.6741028,-78.85239815,35.92681934
614,366.4606934,-78.85242236,35.92537295
615,367.9839783,-78.85242006,35.92392643
616,369.8956909,-78.85242711,35.9224799
617,374.0150757,-78.85244694,35.9210334
618,378.7485352,-78.85247875,35.91958703
619,378.1018677,-78.85252041,35.91814085
620,374.3943176,-78.85254484,35.91669432
621,371.0452881,-78.85257754,35.9152479
622,367.8102112,-78.85259331,35.91380123
623,363.887146,-78.85261128,35.91235455
624,360.7472229,-78.85263561,35.91090791
625,360.6028442,-78.85266884,35.90946137
626,359.0850525,-78.85268896,35.90801463
627,359.1596375,-78.85272075,35.90656803
628,358.8720093,-78.852755,35.90512153
629,356.1474304,-78.85275543,35.90367462
630,356.8318481,-78.85265912,35.90223043
631,357.1883545,-78.8522481,35.90082554
632,358.0739136,-78.8516597,35.89945949
633,361.4841003,-78.85106743,35.89809441
634,367.2105408,-78.85047685,35.89672882
635,370.6057129,-78.84994654,35.89534723
636,377.5997009,-78.84960959,35.89392885
637,381.8972168,-78.84963691,35.89248486
638,386.4353027,-78.84994563,35.89105987
639,392.5247498,-78.85029628,35.88964086
640,396.9170837,-78.8505652,35.8882114
641,399.3009644,-78.85068964,35.88676785
642,402.1658936,-78.85086233,35.88532798
643,404.8366699,-78.85120831,35.88390961
644,406.122406,-78.85180266,35.8825453
645,405.3580933,-78.85247826,35.88120559
646,401.2133484,-78.85316521,35.87986955
647,396.6984558,-78.85384537,35.87853121
648,393.7448425,-78.85449387,35.87718272
649,390.5308228,-78.85489368,35.87577797
650,389.92276,-78.85477804,35.87433737
651,384.7598572,-78.85411964,35.87300019
652,388.7322998,-78.85326587,35.87172876
653,390.800415,-78.85239839,35.87046338
654,393.855957,-78.85150418,35.8692103
655,397.0604553,-78.85060607,35.867959
656,394.960022,-78.84970794,35.86670768
657,391.6776123,-78.8488098,35.86545635
658,387.7269287,-78.84791166,35.86420501
659,386.7732849,-78.8470266,35.86294754
660,388.8672485,-78.84613909,35.8616912
661,387.6172791,-78.84524246,35.86043908
662,382.0784912,-78.84437412,35.85917422
663,376.907074,-78.84368029,35.85784381
664,373.0332642,-78.84330043,35.85643015
665,369.9089661,-78.84300501,35.85500237
666,368.5423584,-78.84254158,35.8536057
667,371.9364929,-78.84179796,35.85229224
668,375.2948303,-78.8408729,35.85105409
669,376.1622314,-78.83993858,35.84982005
670,372.6958618,-78.83899465,35.8485908
671,371.2275696,-78.83804024,35.84736686
672,370.1074524,-78.83708327,35.84614421
673,367.1151123,-78.8361381,35.84491556
674,363.0484009,-78.83519533,35.84368566
675,359.461731,-78.83424358,35.84246028
676,353.4641724,-78.83330192,35.84122978
677,347.5751953,-78.832367,35.83999588
678,343.730072,-78.83143513,35.83876051
679,341.6820984,-78.83064021,35.8374671
680,338.1335144,-78.83012649,35.8360828
681,334.8789978,-78.82985751,35.83465222
682,330.3074036,-78.82965599,35.83321332
683,322.4711914,-78.82943928,35.83177579
684,311.7077332,-78.8291004,35.83035483
685,313.2884827,-78.82852969,35.82898387
686,308.7534485,-78.82783581,35.82764943
687,303.2910767,-78.82712799,35.82631969
688,300.9711609,-78.82640853,35.82499403
689,301.4942627,-78.82568758,35.82366889
690,300.6247253,-78.82496856,35.82234306
691,302.0245361,-78.82424499,35.82101884
692,306.9891052,-78.82352301,35.81969401
693,313.016571,-78.82285722,35.81835049
694,319.3808289,-78.82255168,35.81693085
695,323.8982544,-78.82274567,35.81549607
696,329.4274902,-78.82341406,35.81415611
697,333.4683533,-78.82422999,35.81286752
698,333.8984985,-78.82501086,35.81156654
699,344.0071106,-78.82525045,35.81013599
700,342.9905701,-78.82503665,35.80870086
701,353.5510559,-78.82431394,35.8073821
702,356.4464722,-78.82324787,35.80622267
703,363.4674377,-78.82202344,35.8051681
704,369.3044739,-78.82062453,35.80427187
705,374.8706055,-78.8189871,35.80370492
706,379.5912476,-78.81722373,35.80351818
707,379.5351257,-78.81544349,35.80361852
708,387.52005,-78.81365804,35.80364618
709,385.036499,-78.81189834,35.80341072
710,395.5844727,-78.8102063,35.80295379
711,395.567627,-78.80868684,35.80219642
712,406.6959534,-78.8072311,35.80135698
713,412.4415283,-78.80581506,35.80047405
714,415.0735474,-78.80438701,35.79960367
715,425.840271,-78.80295896,35.79873328
716,430.1114502,-78.80153091,35.7978629
717,440.6484985,-78.80009946,35.79699624
718,434.9042969,-78.79864792,35.79615177
719,437.499939,-78.79719676,35.7953069
720,449.0076599,-78.79577378,35.79443122
721,447.0066223,-78.79433759,35.79356994
722,452.2643433,-78.79288737,35.79272399
723,461.6999207,-78.7914299,35.79188664
724,466.7868652,-78.78990426,35.79113504
725,468.4683533,-78.7882943,35.79050982
726,471.4597473,-78.78661818,35.79000877
727,480.3718262,-78.78493777,35.78951729
728,488.1977234,-78.78325154,35.78903909
729,493.6341248,-78.78154631,35.78861107
730,497.2549744,-78.77977693,35.78845347
731,498.4953308,-78.77802241,35.78869621
732,496.4032898,-78.77643376,35.78934093
733,473.4418945,-78.77496933,35.79017066
734,494.8530884,-78.77350762,35.79100355
735,496.0310669,-78.77201931,35.79180387
736,496.2770996,-78.77038807,35.79238837
737,498.2810364,-78.76865118,35.79271483
738,500.1586609,-78.76687008,35.79279561
739,499.4239502,-78.76510302,35.79259615
740,497.8114929,-78.76335302,35.79230547
741,496.3962708,-78.76160306,35.79201463
742,495.3207092,-78.75985269,35.7917254
743,497.5525818,-78.75810285,35.79143406
744,501.7507019,-78.75635356,35.79114057
745,503.9311523,-78.7546038,35.79084895
746,500.8467712,-78.75285403,35.79055732
747,495.3844604,-78.7511027,35.79027195
748,489.6193237,-78.74935245,35.78998223
749,482.7684631,-78.74760244,35.78969157
750,484.3849487,-78.74585268,35.78939994
751,485.660675,-78.74410303,35.78910783
752,487.0643005,-78.7423529,35.78881765
753,486.453064,-78.74060289,35.78852702
754,482.1018982,-78.7388535,35.78823392
755,476.9332581,-78.73710276,35.78794617
756,472.917572,-78.73535446,35.78764882
757,474.4031677,-78.7336034,35.78736236
758,475.1018372,-78.73185401,35.78706922
759,475.2812195,-78.73010406,35.78677832
760,476.1606445,-78.728354,35.78648785
761,475.497467,-78.72659306,35.78624966
762,475.5875549,-78.72480953,35.78625051
763,475.6536865,-78.72305678,35.78651973
764,475.3594055,-78.72139909,35.78705332
765,475.5328369,-78.71984429,35.78776614
766,475.6372681,-78.71830489,35.78850121
767,478.7241211,-78.71676618,35.78923724
768,484.1161499,-78.7152282,35.78997427
769,489.1285095,-78.71368876,35.79070929
770,493.5933838,-78.71215397,35.79145066
771,494.9527588,-78.71061636,35.79218817
772,492.5410156,-78.70907796,35.79292455
773,488.6189575,-78.70752728,35.79364322
774,483.1834412,-78.70591123,35.79425914
775,478.8877258,-78.70423223,35.79475206
776,474.408844,-78.70250508,35.79511995
777,469.3401489,-78.70074287,35.79535279
778,463.9923401,-78.69896251,35.79546403
779,459.6377869,-78.69717746,35.79542798
780,455.047821,-78.69540397,35.79526092
781,450.4277039,-78.6936565,35.79496327
782,446.267395,-78.69195007,35.79453734
783,441.2995605,-78.69030584,35.79396194
784,438.1655884,-78.68872537,35.79328864
785,433.6272278,-78.68722748,35.79250024
786,428.6969299,-78.68578542,35.79164518
787,423.8941345,-78.68434206,35.7907915
788,419.1426392,-78.6829044,35.78993149
789,414.1678772,-78.68141372,35.78913428
790,410.0225525,-78.67983386,35.78845918
791,405.09552,-78.67821217,35.78785178
792,399.6056213,-78.67658508,35.78725374
793,394.249939,-78.67495875,35.78665435
794,390.506897,-78.67332842,35.78606215
795,368.0635376,-78.67169773,35.78547063
796,380.9814453,-78.67007415,35.78486635
797,376.6651306,-78.66844393,35.78427393
798,372.3238525,-78.66681237,35.78368393
799,368.867981,-78.66517924,35.78309681
800,365.4169922,-78.66356396,35.78247821
801,361.0040894,-78.66194868,35.78185967
802,357.8812256,-78.6603152,35.78127318
803,353.7020569,-78.65868294,35.78068444
804,347.3453674,-78.65705477,35.78008829
805,342.1418762,-78.6554278,35.77949
806,336.1853638,-78.6538004,35.77889247
807,329.8965759,-78.65217082,35.77829884
808,323.8318787,-78.65054032,35.77770689
809,317.2704468,-78.64891457,35.77710709
810,311.523468,-78.64740956,35.77633368
811,311.6979065,-78.64606668,35.7753784
812,311.1014404,-78.64492046,35.7742707
813,282.3161011,-78.64392387,35.77306869
814,298.8708496,-78.64296913,35.77184377
815,294.6314087,-78.64201018,35.77062097
816,276.4286804,-78.64106891,35.76938923
817,281.0654907,-78.64014739,35.76814888
818,277.2314758,-78.6393589,35.76684905
819,271.7795715,-78.63862998,35.76552597
820,265.9757996,-78.63790743,35.76420038
821,261.1552124,-78.63718488,35.76287477
822,255.4745331,-78.63644096,35.76155703
823,250.325943,-78.6357257,35.76022882
824,242.5401611,-78.63506675,35.75888158
825,241.3490601,-78.63455229,35.75749705
826,243.0134125,-78.63429719,35.75606239
827,246.1900635,-78.63407084,35.75462445
828,253.5516968,-78.63399567,35.75317881
829,257.7839661,-78.63422657,35.75174308
830,262.6368713,-78.63460285,35.75032596
831,266.7392578,-78.63506701,35.74892788
832,270.6603088,-78.63581325,35.74761173
833,275.6170349,-78.63663171,35.74632322
834,278.1044312,-78.63745437,35.7450364
835,281.8851013,-78.63822118,35.74372763
836,289.0513611,-78.63854247,35.74231181
837,290.1479187,-78.63834132,35.74087558
838,295.1243591,-78.63779098,35.73950158
839,298.2237549,-78.63700284,35.73820051
840,301.6141663,-78.63620101,35.73690484
841,307.6570435,-78.63539917,35.73560914
842,311.8857422,-78.63460643,35.73430977
843,318.1849976,-78.63380036,35.73301639
844,323.4992981,-78.63266548,35.73190755
845,327.0143738,-78.63119338,35.73108935
846,330.3455505,-78.62993738,35.73006935
847,336.826416,-78.62894225,35.7288651
848,341.9713745,-78.62807862,35.72759727
849,346.1976624,-78.62729751,35.72629311
850,349.357666,-78.6266961,35.72493416
851,349.3101196,-78.62669241,35.72349266
852,346.8348389,-78.62705688,35.72207453
853,349.5796814,-78.62694453,35.72063657
854,353.5887451,-78.62630385,35.71928529
855,357.2589722,-78.62559346,35.71795461
856,362.6247559,-78.62487408,35.71662736
857,365.922821,-78.62398649,35.7153709
858,369.9298706,-78.62283228,35.71426716
859,372.1443176,-78.62144254,35.71336674
860,374.8011169,-78.61985407,35.71270445
861,373.9762878,-78.61824867,35.71206853
862,371.8812866,-78.61664359,35.71143213
863,369.5237122,-78.61503137,35.71080757
864,369.3239746,-78.61341899,35.71018325
865,370.4306335,-78.61180521,35.70956133
866,370.6099548,-78.61019143,35.70893941
867,371.5998535,-78.60857764,35.70831749
868,375.4122925,-78.60696386,35.70769556
869,379.3904724,-78.60535007,35.70707363
870,384.0959778,-78.60373628,35.70645171
871,387.7592163,-78.60212249,35.70582978
872,389.0427551,-78.60050869,35.70520785
873,386.9418335,-78.59889489,35.70458593
874,386.2046509,-78.59728109,35.703964
875,383.544342,-78.59566728,35.70334207
876,382.8105469,-78.59405348,35.70272014
877,386.9463501,-78.59243923,35.70209897
878,388.6729736,-78.59082591,35.7014763
879,394.3283997,-78.58921714,35.70084581
880,397.7642822,-78.58760837,35.70021532
881,398.7190247,-78.5859966,35.6995899
882,397.2616577,-78.58432365,35.69908994
883,393.3946838,-78.58254954,35.69898069
884,388.2395935,-78.580805,35.69927451
885,382.8120422,-78.57909593,35.69969635
886,377.791748,-78.57738475,35.70011259
887,371.739563,-78.57567121,35.70052231
888,368.0481873,-78.57393909,35.70086615
889,363.8042603,-78.57216259,35.70081272
890,360.4213867,-78.57045526,35.70039339
891,355.7917786,-78.56878806,35.69987295
892,350.8970947,-78.56712705,35.6993392
893,344.6470642,-78.56546604,35.69880544
894,338.100769,-78.56380756,35.69826657
895,334.9238281,-78.56216637,35.69769484
896,332.3678284,-78.56060417,35.69699463
897,329.0793762,-78.55913844,35.69616753
898,330.6522827,-78.55777796,35.69522772
899,335.9121399,-78.55648533,35.69422687
900,339.6934204,-78.55522087,35.69320215
901,343.6491089,-78.55391929,35.69220906
902,342.3571777,-78.55237517,35.6914982
903,337.4171753,-78.55063528,35.69118882
904,332.1833191,-78.54885587,35.69107192
905,327.0065918,-78.54708745,35.69091285
906,322.4656067,-78.54530733,35.69079202
907,316.1370544,-78.54352977,35.69064978
908,315.5283508,-78.54175656,35.69048229
909,316.0158081,-78.54004532,35.69008054
910,316.6735535,-78.53844645,35.68943517
911,320.9078369,-78.53686488,35.68876076
912,327.0536499,-78.53529272,35.68807195
913,332.214325,-78.53372056,35.68738312
914,337.2920227,-78.5321484,35.6866943
915,342.0135193,-78.53057726,35.68600392
916,347.8224182,-78.52902512,35.68528769
917,351.8447266,-78.5276395,35.68437465
918,353.6534424,-78.52641999,35.68331545
919,361.5614319,-78.52514312,35.68230102
920,366.0145874,-78.52388103,35.68127452
921,363.2295837,-78.52253959,35.68031866
922,359.6883545,-78.52099574,35.67959486
923,359.1622925,-78.5193764,35.67898243
924,359.7369385,-78.51775827,35.67836802
925,360.5043945,-78.51613916,35.67775505
926,365.0716858,-78.51452006,35.67714207
927,366.4152832,-78.51290094,35.67652911
928,363.3098755,-78.51128183,35.67591613
929,359.6628418,-78.50966276,35.67530308
930,358.6990662,-78.50804539,35.67468707
931,359.5087891,-78.50642705,35.67407276
932,360.7717896,-78.50480215,35.67346996
933,359.6905518,-78.50318109,35.6728604
934,356.8692322,-78.50152258,35.67232569
935,354.5700073,-78.49980109,35.67194182
936,350.4764709,-78.49804081,35.67169798
937,345.8521729,-78.49627666,35.67147009
938,341.3581238,-78.49451255,35.67124197
939,336.8137817,-78.4927475,35.67101901
940,331.2120056,-78.49097477,35.67086346
941,325.0089111,-78.48920976,35.67064024
942,322.1686096,-78.48744549,35.67041292
943,326.8406372,-78.48568123,35.67018559
944,332.3919067,-78.48391985,35.66994402
945,332.8460693,-78.48215944,35.6696978
946,338.6949158,-78.48040079,35.66944398
947,343.2030334,-78.4787165,35.66896513
948,344.2402649,-78.47715754,35.66826333
949,341.7163391,-78.47584576,35.66727948
950,337.9437256,-78.47456681,35.66626638
951,334.1924133,-78.4732957,35.66524683
952,331.1651306,-78.47202639,35.66422582
953,330.2817688,-78.4707539,35.66320729
954,331.375,-78.46948389,35.66218668
955,334.4803772,-78.46821386,35.66116608
956,334.5990906,-78.46694382,35.66014547
957,332.6031189,-78.46567379,35.65912484
958,333.7822876,-78.46440375,35.6581042
959,337.6370239,-78.46313372,35.65708355
960,337.9668579,-78.46186368,35.65606289
961,338.431488,-78.46059361,35.65504224
962,340.1461487,-78.45932354,35.65402158
963,335.3713074,-78.45806626,35.65299052
964,331.3269348,-78.45681081,35.65195796
965,334.0682678,-78.45553278,35.65094397
966,333.9855042,-78.45428762,35.64990338
967,329.1063232,-78.45330519,35.64869728
968,331.2122803,-78.4525967,35.64736493
969,332.570343,-78.45195232,35.64601113
970,327.0666809,-78.45131529,35.64465494
971,319.099762,-78.45061884,35.64331838
972,320.0188293,-78.44975277,35.64205416
973,319.8605347,-78.44854108,35.64099248
974,323.4164734,-78.44715398,35.64007841
975,324.7496643,-78.44572937,35.63920257
976,326.2400208,-78.44430362,35.63832795
977,329.0391541,-78.44287786,35.63745333
978,327.8817749,-78.44146239,35.63656783
979,324.6793823,-78.44004353,35.63568582
980,322.9009399,-78.43862358,35.63480496
981,319.8529968,-78.43720362,35.63392409
982,316.7736816,-78.43578364,35.63304323
983,313.6664124,-78.43436365,35.63216237
984,310.6571045,-78.43294367,35.6312815
985,307.9642334,-78.43152369,35.63040062
986,305.4230042,-78.4301037,35.62951972
987,309.1528625,-78.42868372,35.62863882
988,311.539856,-78.42726373,35.62775792
989,314.4598083,-78.42584371,35.62687703
990,314.2967529,-78.4244237,35.62599613
991,310.625,-78.42300369,35.62511522
992,309.0686951,-78.42158366,35.62423432
993,306.1989441,-78.42016362,35.62335341
994,301.7948303,-78.41874359,35.62247249
995,296.9398193,-78.41732345,35.62159168
996,291.2893372,-78.41590216,35.62071208
997,286.3941956,-78.41448087,35.61983247
998,286.2342529,-78.41305958,35.61895286
999,288.8611755,-78.4116383,35.61807323
1000,292.2098083,-78.41021701,35.6171936
1001,293.2842407,-78.4087957,35.61631396
1002,295.249115,-78.4074322,35.61538103
1003,294.0653076,-78.40600941,35.61450297
1004,293.1722412,-78.40458568,35.6136259
1005,292.2371521,-78.40316179,35.61274901
1006,290.5630798,-78.40173803,35.61187196
1007,288.9845276,-78.40031457,35.61099458
1008,285.3970337,-78.3988911,35.61011719
1009,281.2234192,-78.39746837,35.60923901
1010,276.1477966,-78.39604852,35.60835775
1011,271.3511353,-78.39462839,35.60747677
1012,266.4189453,-78.39320826,35.60659578
1013,261.9293213,-78.39178711,35.60571587
1014,259.3001404,-78.39036579,35.60483613
1015,258.5475159,-78.3889442,35.60395667
1016,258.9593506,-78.38752107,35.60307884
1017,259.9978027,-78.38609795,35.60220101
1018,261.5809937,-78.38467486,35.60132312
1019,259.8153687,-78.38325188,35.60044511
1020,254.6914215,-78.38180189,35.59959739
1021,248.7203674,-78.38036439,35.59873567
1022,245.1183472,-78.37894179,35.59785723
1023,244.8690338,-78.37751919,35.59697878
1024,245.3191376,-78.37609658,35.59610031
1025,245.0432281,-78.37467396,35.59522187
1026,241.5529327,-78.37325132,35.59434342
1027,237.7247162,-78.37182868,35.59346497
1028,237.6467743,-78.37040605,35.5925865
1029,239.8907623,-78.36898341,35.59170802
1030,241.4553833,-78.36756077,35.59082954
1031,242.2921906,-78.36613813,35.58995105
1032,241.2177124,-78.36471547,35.58907257
1033,239.6126556,-78.36329282,35.58819408
1034,238.2627411,-78.36187016,35.58731558
1035,235.7908173,-78.36044749,35.58643708
1036,233.580307,-78.35902482,35.58555857
1037,231.6063385,-78.35760213,35.58468007
1038,230.7331696,-78.35617945,35.58380156
1039,229.3024902,-78.35475676,35.58292305
1040,227.4595337,-78.35333406,35.58204454
1041,225.1631927,-78.35191135,35.58116602
1042,222.8325958,-78.35048864,35.5802875
1043,221.1104126,-78.34906593,35.57940897
1044,220.3615265,-78.34764322,35.57853043
1045,217.0215912,-78.34622048,35.5776519
1046,212.2358856,-78.34479775,35.57677337
1047,207.469635,-78.34337502,35.57589482
1048,202.4108582,-78.34194367,35.57502568
1049,197.5629272,-78.34051878,35.57414952
1050,193.5174255,-78.33909853,35.5732683
1051,189.6503448,-78.3376782,35.57238714
1052,184.9776764,-78.33625632,35.57150763
1053,179.2929077,-78.33483468,35.57062786
1054,173.960083,-78.33341349,35.5697476
1055,169.3244171,-78.33199229,35.56886733
1056,167.8843689,-78.33056381,35.5679949
1057,168.5090637,-78.32913321,35.56712476
1058,168.4860992,-78.32771519,35.5662411
1059,164.2536774,-78.32629745,35.56535712
1060,159.3189087,-78.32487858,35.56447448
1061,155.1885223,-78.32358856,35.56347421
1062,149.8968964,-78.32257413,35.56228052
1063,146.1685181,-78.32180721,35.56097039
1064,137.4703064,-78.32128868,35.55958117
1065,138.1860046,-78.32089969,35.55816297
1066,135.8627319,-78.32043513,35.55676037
1067,138.8547516,-78.3197438,35.55542294
1068,142.9386902,-78.318755,35.55421589
1069,145.9134369,-78.31748801,35.55319748
1070,148.3982849,-78.3160366,35.55235116
1071,142.8610077,-78.31455055,35.55154472
1072,141.1598053,-78.31307746,35.55072265
1073,144.0471497,-78.31160435,35.54990059
1074,149.0614624,-78.31013124,35.54907853
1075,153.9564514,-78.30865814,35.54825645
1076,157.3023376,-78.30718375,35.54743589
1077,158.8513947,-78.30570496,35.54662059
1078,159.3598175,-78.30422624,35.54580518
1079,159.3818207,-78.30274753,35.54498976
1080,154.9019928,-78.30126881,35.54417434
1081,153.617569,-78.29979009,35.54335891
1082,156.3311005,-78.29831138,35.54254347
1083,159.7823639,-78.29683266,35.54172802
1084,162.3508911,-78.29535395,35.54091256
1085,165.0861053,-78.29387523,35.54009709
1086,167.9774323,-78.29239652,35.53928162
1087,171.3148041,-78.2909178,35.53846614
1088,175.4740143,-78.28943948,35.53765017
1089,178.0502625,-78.28796155,35.53683374
1090,177.810318,-78.28648361,35.5360173
1091,177.3431396,-78.28500566,35.53520086
1092,177.8053131,-78.28352771,35.53438441
1093,176.6793671,-78.28204965,35.5335681
1094,176.4166718,-78.28057053,35.53275305
1095,175.7250671,-78.27909141,35.53193799
1096,174.3673553,-78.27761229,35.53112292
1097,173.8663788,-78.27613316,35.53030784
1098,173.6282959,-78.27465404,35.52949275
1099,174.050705,-78.27317492,35.52867766
1100,174.1438751,-78.27184209,35.52794317