origin_date,last_updated,name,number,longitude,latitude,speed,geometry
2024-03-03,1709544801,Crescent,20,-80.863933,35.22211,49.22,POINT (-80.863933 35.22211)
2024-02-12,1707811349,Crescent,19,-80.866176,35.222121,47.87,POINT (-80.866176 35.222121)
2024-02-12,1707819277,Crescent,20,-80.866527,35.222148,50.58,POINT (-80.866527 35.222148)
2024-03-03,1709539398,Crescent,19,-80.885799,35.22235,57.3,POINT (-80.885799 35.22235)
2024-03-02,1709453009,Crescent,19,-80.885463,35.222354,62.12,POINT (-80.885463 35.222354)
2024-03-03,1709534907,Crescent,19,-80.590915,35.369827,62.96,POINT (-80.590915 35.369827)
2024-02-13,1707825763,Carolinian,80,-80.587779,35.390796,79.81,POINT (-80.587779 35.390796)
2024-02-12,1707807386,Crescent,19,-80.587711,35.391197,72.66,POINT (-80.587711 35.391197)
2024-02-12,1707821979,Crescent,20,-80.588245,35.394252,76.07,POINT (-80.588245 35.394252)
2024-02-13,1707832896,Piedmont,71,-80.585567,35.561786,72.24,POINT (-80.585567 35.561786)
2024-03-03,1709532026,Crescent,19,-80.122424,35.876598,77.47,POINT (-80.122424 35.876598)
2024-02-12,1707824668,Crescent,20,-80.094943,35.879646,76.51,POINT (-80.094943 35.879646)
2024-02-12,1707804504,Crescent,19,-80.078357,35.884265,81.37,POINT (-80.078357 35.884265)
2024-03-02,1709447050,Crescent,19,-80.078067,35.884361,75.21,POINT (-80.078067 35.884361)
2024-02-13,1707828825,Carolinian,80,-80.067821,35.889167,78.36,POINT (-80.067821 35.889167)
2024-03-02,1709427788,Carolinian,79,-80.0629,35.892951,57.87,POINT (-80.0629 35.892951)
2024-03-03,1709531846,Crescent,19,-80.059329,35.89627,75.1,POINT (-80.059329 35.89627)
2024-03-02,1709422580,Piedmont,76,-80.054286,35.902347,78.55,POINT (-80.054286 35.902347)
2024-02-13,1707830770,Piedmont,71,-80.049983,35.908767,76.24,POINT (-80.049983 35.908767)
2024-03-03,1709530763,Crescent,19,-79.866824,36.052898,65.67,POINT (-79.866824 36.052898)
2024-02-13,1707830066,Carolinian,80,-79.851695,36.057701,66.41,POINT (-79.851695 36.057701)
2024-03-02,1709422942,Carolinian,79,-79.388949,36.082015,69.3,POINT (-79.388949 36.082015)
2024-02-13,1707833314,Carolinian,80,-79.380885,36.084106,62.27,POINT (-79.380885 36.084106)
2024-02-13,1707828076,Piedmont,71,-79.374026,36.086448,67.8,POINT (-79.374026 36.086448)
2024-02-13,1707828239,Piedmont,71,-79.428546,36.087825,54.02,POINT (-79.428546 36.087825)
2024-03-02,1709425611,Piedmont,76,-79.361735,36.090007,50.61,POINT (-79.361735 36.090007)
2024-03-02,1709423120,Carolinian,79,-79.434382,36.093521,18.81,POINT (-79.434382 36.093521)
2024-02-13,1707833132,Carolinian,80,-79.434878,36.0941,8.04,POINT (-79.434878 36.0941)
2024-03-02,1709446869,Crescent,19,-80.047832,35.91193,43.04,POINT (-80.047832 35.91193)
2024-02-12,1707824849,Crescent,20,-80.046474,35.914073,76.02,POINT (-80.046474 35.914073)
2024-03-02,1709427621,Carolinian,79,-80.041316,35.921043,68.73,POINT (-80.041316 35.921043)
2024-02-12,1707804325,Crescent,19,-80.03577,35.928058,77.66,POINT (-80.03577 35.928058)
2024-02-13,1707829005,Carolinian,80,-80.029681,35.935268,72.06,POINT (-80.029681 35.935268)
2024-03-03,1709531665,Crescent,19,-80.021625,35.944042,74.52,POINT (-80.021625 35.944042)
2024-03-02,1709422759,Piedmont,76,-80.01443,35.951957,59.02,POINT (-80.01443 35.951957)
2024-03-02,1709446689,Crescent,19,-80.013728,35.952644,49.26,POINT (-80.013728 35.952644)
2024-02-12,1707825029,Crescent,20,-80.008716,35.956176,40.36,POINT (-80.008716 35.956176)
2024-02-12,1707825209,Crescent,20,-80.007404,35.956916,0.09,POINT (-80.007404 35.956916)
2024-02-13,1707829183,Carolinian,80,-80.007106,35.95708,0.03,POINT (-80.007106 35.95708)
2024-02-13,1707829353,Carolinian,80,-80.007075,35.957092,3.59,POINT (-80.007075 35.957092)
2024-03-03,1709531484,Crescent,19,-80.006671,35.957256,0.05,POINT (-80.006671 35.957256)
2024-03-02,1709427442,Carolinian,79,-80.006686,35.957279,8.15,POINT (-80.006686 35.957279)
2024-03-02,1709446510,Crescent,19,-80.006343,35.957424,0.09,POINT (-80.006343 35.957424)
2024-02-12,1707804144,Crescent,19,-80.006152,35.95745,5.99,POINT (-80.006152 35.95745)
2024-03-02,1709427261,Carolinian,79,-80.006335,35.957469,0.0,POINT (-80.006335 35.957469)
2024-02-12,1707803978,Crescent,19,-80.006053,35.9575,0.0,POINT (-80.006053 35.9575)
2024-03-03,1709531304,Crescent,19,-80.003925,35.958419,50.37,POINT (-80.003925 35.958419)
2024-02-13,1707830518,Piedmont,71,-79.997852,35.960697,63.86,POINT (-79.997852 35.960697)
2024-03-02,1709422926,Piedmont,76,-79.988361,35.964286,61.74,POINT (-79.988361 35.964286)
2024-02-13,1707829533,Carolinian,80,-79.978976,35.966739,50.65,POINT (-79.978976 35.966739)
2024-02-12,1707803784,Crescent,19,-79.977908,35.966777,43.06,POINT (-79.977908 35.966777)
2024-03-02,1709446330,Crescent,19,-79.963702,35.96965,64.03,POINT (-79.963702 35.96965)
2024-02-12,1707825933,Crescent,20,-79.961734,35.971408,65.89,POINT (-79.961734 35.971408)
2024-03-02,1709427068,Carolinian,79,-79.957553,35.975082,65.83,POINT (-79.957553 35.975082)
2024-03-03,1709531125,Crescent,19,-79.952396,35.97948,70.01,POINT (-79.952396 35.97948)
2024-02-12,1707803603,Crescent,19,-79.936771,35.992984,67.96,POINT (-79.936771 35.992984)
2024-02-13,1707829709,Carolinian,80,-79.935664,35.993503,64.43,POINT (-79.935664 35.993503)
2024-03-02,1709446150,Crescent,19,-79.919749,36.000446,68.78,POINT (-79.919749 36.000446)
2024-02-12,1707826112,Crescent,20,-79.919261,36.00077,69.24,POINT (-79.919261 36.00077)
2024-03-02,1709426900,Carolinian,79,-79.915317,36.003082,71.85,POINT (-79.915317 36.003082)
2024-03-02,1709423223,Piedmont,76,-79.908977,36.007327,76.2,POINT (-79.908977 36.007327)
2024-03-03,1709530944,Crescent,19,-79.904994,36.011421,78.04,POINT (-79.904994 36.011421)
2024-02-13,1707830194,Piedmont,71,-79.90253,36.013927,76.9,POINT (-79.90253 36.013927)
2024-02-13,1707829887,Carolinian,80,-79.892207,36.023124,77.09,POINT (-79.892207 36.023124)
2024-02-12,1707803423,Crescent,19,-79.888164,36.027278,77.55,POINT (-79.888164 36.027278)
2024-03-02,1709445969,Crescent,19,-79.878131,36.040977,64.55,POINT (-79.878131 36.040977)
2024-02-12,1707826294,Crescent,20,-79.878093,36.041103,64.94,POINT (-79.878093 36.041103)
2024-03-02,1709426707,Carolinian,79,-79.874538,36.0489,62.54,POINT (-79.874538 36.0489)
2024-03-02,1709423475,Piedmont,76,-79.83829,36.060508,63.74,POINT (-79.83829 36.060508)
2024-03-02,1709445788,Crescent,19,-79.829333,36.061378,70.45,POINT (-79.829333 36.061378)
2024-02-13,1707829905,Piedmont,71,-79.82825,36.061477,68.5,POINT (-79.82825 36.061477)
2024-02-12,1707826470,Crescent,20,-79.827747,36.06155,67.6,POINT (-79.827747 36.06155)
2024-03-02,1709426529,Carolinian,79,-79.816753,36.062911,61.54,POINT (-79.816753 36.062911)
2024-03-03,1709530583,Crescent,19,-79.805209,36.064384,60.78,POINT (-79.805209 36.064384)
2024-02-13,1707830250,Carolinian,80,-79.79771,36.06594,45.24,POINT (-79.79771 36.06594)
2024-03-02,1709423654,Piedmont,76,-79.790027,36.067848,29.42,POINT (-79.790027 36.067848)
2024-03-02,1709445610,Crescent,19,-79.79021,36.067886,14.48,POINT (-79.79021 36.067886)
2024-02-12,1707826651,Crescent,20,-79.788821,36.068309,21.06,POINT (-79.788821 36.068309)
2024-02-12,1707814770,Crescent,20,-81.441822,35.173751,52.28,POINT (-81.441822 35.173751)
2024-02-12,1707814218,Crescent,19,-81.441066,35.174155,0.01,POINT (-81.441066 35.174155)
2024-03-03,1709542280,Crescent,19,-81.439617,35.175143,28.69,POINT (-81.439617 35.175143)
2024-03-03,1709542100,Crescent,19,-81.426799,35.179027,14.14,POINT (-81.426799 35.179027)
2024-02-12,1707814054,Crescent,19,-81.424244,35.180133,27.02,POINT (-81.424244 35.180133)
2024-03-03,1709542277,Crescent,20,-81.423183,35.180671,60.22,POINT (-81.423183 35.180671)
2024-02-12,1707813872,Crescent,19,-81.40089,35.195262,59.5,POINT (-81.40089 35.195262)
2024-03-03,1709541920,Crescent,19,-81.398403,35.19588,59.07,POINT (-81.398403 35.19588)
2024-02-12,1707814951,Crescent,20,-81.397892,35.196056,60.6,POINT (-81.397892 35.196056)
2024-03-03,1709542457,Crescent,20,-81.383167,35.20906,66.83,POINT (-81.383167 35.20906)
2024-02-12,1707813692,Crescent,19,-81.362247,35.223014,58.52,POINT (-81.362247 35.223014)
2024-03-03,1709541738,Crescent,19,-81.359981,35.224372,53.36,POINT (-81.359981 35.224372)
2024-02-12,1707815133,Crescent,20,-81.356182,35.228316,59.18,POINT (-81.356182 35.228316)
2024-03-03,1709542637,Crescent,20,-81.344783,35.237338,57.89,POINT (-81.344783 35.237338)
2024-02-12,1707819096,Crescent,20,-80.908191,35.222717,48.95,POINT (-80.908191 35.222717)
2024-02-12,1707811515,Crescent,19,-80.911769,35.224231,59.65,POINT (-80.911769 35.224231)
2024-03-03,1709544621,Crescent,20,-80.912242,35.224475,56.75,POINT (-80.912242 35.224475)
2024-03-03,1709539577,Crescent,19,-80.935596,35.226539,55.11,POINT (-80.935596 35.226539)
2024-03-02,1709453189,Crescent,19,-80.936695,35.226745,59.27,POINT (-80.936695 35.226745)
2024-02-12,1707818557,Crescent,20,-80.943759,35.227916,0.0,POINT (-80.943759 35.227916)
2024-02-12,1707818376,Crescent,20,-80.946865,35.228957,13.45,POINT (-80.946865 35.228957)
2024-03-03,1709544441,Crescent,20,-80.96635,35.230426,58.63,POINT (-80.96635 35.230426)
2024-02-12,1707818016,Crescent,20,-80.981182,35.230705,42.81,POINT (-80.981182 35.230705)
2024-03-02,1709453369,Crescent,19,-80.981464,35.23075,44.28,POINT (-80.981464 35.23075)
2024-03-03,1709539771,Crescent,19,-80.981685,35.230769,43.41,POINT (-80.981685 35.230769)
2024-02-12,1707811710,Crescent,19,-80.963649,35.231216,53.1,POINT (-80.963649 35.231216)
2024-03-03,1709539215,Crescent,19,-80.848575,35.23167,41.89,POINT (-80.848575 35.23167)
2024-02-12,1707818196,Crescent,20,-80.95708,35.233653,25.35,POINT (-80.95708 35.233653)
2024-03-02,1709452814,Crescent,19,-80.844669,35.235084,38.46,POINT (-80.844669 35.235084)
2024-03-02,1709453714,Crescent,19,-81.066143,35.235168,43.89,POINT (-81.066143 35.235168)
2024-02-12,1707817294,Crescent,20,-81.066112,35.235179,23.79,POINT (-81.066112 35.235179)
2024-02-12,1707811890,Crescent,19,-81.00613,35.235603,59.0,POINT (-81.00613 35.235603)
2024-03-03,1709544261,Crescent,20,-81.017688,35.235728,60.05,POINT (-81.017688 35.235728)
2024-02-12,1707817836,Crescent,20,-81.010135,35.235736,9.26,POINT (-81.010135 35.235736)
2024-03-03,1709540117,Crescent,19,-81.065128,35.235854,43.8,POINT (-81.065128 35.235854)
2024-02-12,1707819444,Crescent,20,-80.84135,35.237128,23.11,POINT (-80.84135 35.237128)
2024-03-03,1709544982,Crescent,20,-80.840145,35.237399,21.78,POINT (-80.840145 35.237399)
2024-02-12,1707811171,Crescent,19,-80.837184,35.23746,22.75,POINT (-80.837184 35.23746)
2024-03-02,1709452649,Crescent,19,-80.828159,35.237609,10.06,POINT (-80.828159 35.237609)
2024-03-03,1709539936,Crescent,19,-81.023754,35.237781,55.13,POINT (-81.023754 35.237781)
2024-03-03,1709539036,Crescent,19,-80.82751,35.23796,15.22,POINT (-80.82751 35.23796)
2024-03-02,1709453549,Crescent,19,-81.027469,35.239631,58.95,POINT (-81.027469 35.239631)
2024-02-12,1707819622,Crescent,20,-80.823787,35.240272,0.03,POINT (-80.823787 35.240272)
2024-02-12,1707810989,Crescent,19,-80.823604,35.240367,1.9,POINT (-80.823604 35.240367)
2024-03-02,1709426900,Piedmont,78,-80.823146,35.240646,1.54,POINT (-80.823146 35.240646)
2024-03-02,1709450922,Crescent,19,-80.822971,35.240733,0.53,POINT (-80.822971 35.240733)
2024-02-12,1707817655,Crescent,20,-81.029972,35.240855,26.53,POINT (-81.029972 35.240855)
2024-03-03,1709545162,Crescent,20,-80.822734,35.240936,0.12,POINT (-80.822734 35.240936)
2024-03-03,1709535808,Crescent,19,-80.822467,35.241004,0.02,POINT (-80.822467 35.241004)
2024-02-12,1707808467,Crescent,19,-80.82233,35.241138,0.02,POINT (-80.82233 35.241138)
2024-02-13,1707834585,Piedmont,71,-80.82011,35.242458,26.03,POINT (-80.82011 35.242458)
2024-02-12,1707812025,Crescent,19,-81.042751,35.24298,59.58,POINT (-81.042751 35.24298)
2024-02-12,1707817474,Crescent,20,-81.051387,35.243983,19.41,POINT (-81.051387 35.243983)
2024-02-12,1707817114,Crescent,20,-81.080944,35.24493,25.68,POINT (-81.080944 35.24493)
2024-02-12,1707808287,Crescent,19,-80.81438,35.245788,44.68,POINT (-80.81438 35.245788)
2024-02-13,1707824860,Carolinian,80,-80.811405,35.247592,51.83,POINT (-80.811405 35.247592)
2024-02-12,1707812249,Crescent,19,-81.08443,35.24858,58.73,POINT (-81.08443 35.24858)
2024-02-12,1707821079,Crescent,20,-80.809039,35.248756,60.59,POINT (-80.809039 35.248756)
2024-03-02,1709450652,Crescent,19,-80.801547,35.250121,54.91,POINT (-80.801547 35.250121)
2024-03-03,1709535629,Crescent,19,-80.785755,35.252197,80.04,POINT (-80.785755 35.252197)
2024-03-03,1709543901,Crescent,20,-81.092876,35.252605,59.35,POINT (-81.092876 35.252605)
2024-03-03,1709540297,Crescent,19,-81.0974,35.255485,52.6,POINT (-81.0974 35.255485)
2024-03-02,1709453895,Crescent,19,-81.098224,35.257518,58.74,POINT (-81.098224 35.257518)
2024-02-12,1707816937,Crescent,20,-81.098552,35.258987,26.12,POINT (-81.098552 35.258987)
2024-02-12,1707813511,Crescent,19,-81.330997,35.255241,56.92,POINT (-81.330997 35.255241)
2024-03-03,1709541559,Crescent,19,-81.330471,35.257323,56.72,POINT (-81.330471 35.257323)
2024-02-12,1707815313,Crescent,20,-81.328693,35.259814,57.26,POINT (-81.328693 35.259814)
2024-03-02,1709454436,Crescent,19,-81.209049,35.262958,53.79,POINT (-81.209049 35.262958)
2024-03-03,1709540838,Crescent,19,-81.176685,35.264453,55.97,POINT (-81.176685 35.264453)
2024-02-12,1707812791,Crescent,19,-81.184757,35.264732,54.44,POINT (-81.184757 35.264732)
2024-03-03,1709543359,Crescent,20,-81.19028,35.264812,54.87,POINT (-81.19028 35.264812)
2024-02-12,1707816018,Crescent,20,-81.178035,35.264915,56.31,POINT (-81.178035 35.264915)
2024-03-02,1709454256,Crescent,19,-81.165172,35.2672,30.43,POINT (-81.165172 35.2672)
2024-02-12,1707812610,Crescent,19,-81.163623,35.268436,0.22,POINT (-81.163623 35.268436)
2024-02-12,1707816213,Crescent,20,-81.16296,35.268943,3.04,POINT (-81.16296 35.268943)
2024-03-03,1709543540,Crescent,20,-81.162982,35.268954,0.06,POINT (-81.162982 35.268954)
2024-03-03,1709540658,Crescent,19,-81.16225,35.269523,0.08,POINT (-81.16225 35.269523)
2024-03-02,1709454482,Crescent,19,-81.218235,35.27045,55.97,POINT (-81.218235 35.27045)
2024-03-03,1709541020,Crescent,19,-81.219829,35.271423,49.48,POINT (-81.219829 35.271423)
2024-02-12,1707815853,Crescent,20,-81.220195,35.271621,58.82,POINT (-81.220195 35.271621)
2024-03-03,1709542820,Crescent,20,-81.316875,35.272517,58.95,POINT (-81.316875 35.272517)
2024-02-12,1707812973,Crescent,19,-81.22681,35.275382,47.27,POINT (-81.22681 35.275382)
2024-03-03,1709543179,Crescent,20,-81.23225,35.278522,50.5,POINT (-81.23225 35.278522)
2024-03-03,1709543720,Crescent,20,-81.135372,35.278533,58.86,POINT (-81.135372 35.278533)
2024-02-13,1707825038,Carolinian,80,-80.756374,35.263988,79.3,POINT (-80.756374 35.263988)
2024-02-12,1707808108,Crescent,19,-80.755657,35.264129,79.36,POINT (-80.755657 35.264129)
2024-02-13,1707834391,Piedmont,71,-80.755084,35.264297,77.15,POINT (-80.755084 35.264297)
2024-02-12,1707821259,Crescent,20,-80.747592,35.266383,76.93,POINT (-80.747592 35.266383)
2024-03-02,1709427132,Piedmont,78,-80.745265,35.267497,76.5,POINT (-80.745265 35.267497)
2024-02-12,1707816753,Crescent,20,-81.106487,35.268943,11.77,POINT (-81.106487 35.268943)
2024-03-02,1709450472,Crescent,19,-80.742717,35.269325,76.84,POINT (-80.742717 35.269325)
2024-02-12,1707816573,Crescent,20,-81.117321,35.274757,16.68,POINT (-81.117321 35.274757)
2024-02-12,1707812432,Crescent,19,-81.121311,35.276141,57.9,POINT (-81.121311 35.276141)
2024-03-03,1709535448,Crescent,19,-80.732234,35.284324,79.0,POINT (-80.732234 35.284324)
2024-02-12,1707816393,Crescent,20,-81.136058,35.278545,21.04,POINT (-81.136058 35.278545)
2024-03-02,1709454075,Crescent,19,-81.143642,35.279006,58.51,POINT (-81.143642 35.279006)
2024-03-03,1709540477,Crescent,19,-81.143535,35.279018,61.04,POINT (-81.143535 35.279018)
2024-03-03,1709542998,Crescent,20,-81.275219,35.281738,54.66,POINT (-81.275219 35.281738)
2024-03-03,1709541378,Crescent,19,-81.301082,35.282119,59.93,POINT (-81.301082 35.282119)
2024-02-12,1707815493,Crescent,20,-81.294429,35.282859,52.71,POINT (-81.294429 35.282859)
2024-02-12,1707813317,Crescent,19,-81.29314,35.283,50.15,POINT (-81.29314 35.283)
2024-02-12,1707813151,Crescent,19,-81.256527,35.28659,38.47,POINT (-81.256527 35.28659)
2024-03-03,1709541202,Crescent,19,-81.259296,35.286834,54.4,POINT (-81.259296 35.286834)
2024-02-12,1707815672,Crescent,20,-81.252765,35.287685,38.6,POINT (-81.252765 35.287685)
2024-03-02,1709421097,Piedmont,77,-80.722881,35.303107,77.94,POINT (-80.722881 35.303107)
2024-02-13,1707825211,Carolinian,80,-80.722247,35.304469,75.31,POINT (-80.722247 35.304469)
2024-02-12,1707807928,Crescent,19,-80.71754,35.308471,75.99,POINT (-80.71754 35.308471)
2024-02-12,1707821425,Crescent,20,-80.71355,35.310157,76.43,POINT (-80.71355 35.310157)
2024-03-02,1709450293,Crescent,19,-80.710033,35.311385,76.21,POINT (-80.710033 35.311385)
2024-03-03,1709535267,Crescent,19,-80.682399,35.313274,78.87,POINT (-80.682399 35.313274)
2024-02-13,1707834071,Piedmont,71,-80.674404,35.314067,75.58,POINT (-80.674404 35.314067)
2024-03-02,1709427429,Piedmont,78,-80.664501,35.315055,75.48,POINT (-80.664501 35.315055)
2024-02-13,1707825403,Carolinian,80,-80.662998,35.315227,79.31,POINT (-80.662998 35.315227)
2024-02-12,1707807746,Crescent,19,-80.650157,35.316615,78.25,POINT (-80.650157 35.316615)
2024-02-12,1707821620,Crescent,20,-80.648723,35.31705,75.87,POINT (-80.648723 35.31705)
2024-03-02,1709450113,Crescent,19,-80.640048,35.322871,76.35,POINT (-80.640048 35.322871)
2024-03-03,1709535088,Crescent,19,-80.621425,35.335464,77.47,POINT (-80.621425 35.335464)
2024-03-02,1709420823,Piedmont,77,-80.620456,35.335986,76.46,POINT (-80.620456 35.335986)
2024-02-13,1707825579,Carolinian,80,-80.596774,35.347083,65.08,POINT (-80.596774 35.347083)
2024-02-12,1707807568,Crescent,19,-80.596217,35.347862,65.31,POINT (-80.596217 35.347862)
2024-02-12,1707821800,Crescent,20,-80.596019,35.348186,61.99,POINT (-80.596019 35.348186)
2024-03-02,1709449933,Crescent,19,-80.591525,35.354533,60.57,POINT (-80.591525 35.354533)
2024-02-13,1707833792,Piedmont,71,-80.591045,35.359386,57.34,POINT (-80.591045 35.359386)
2024-03-02,1709427724,Piedmont,78,-80.592372,35.363837,55.7,POINT (-80.592372 35.363837)
2024-03-02,1709449752,Crescent,19,-80.591007,35.402015,76.74,POINT (-80.591007 35.402015)
2024-03-03,1709534730,Crescent,19,-80.602161,35.415668,78.89,POINT (-80.602161 35.415668)
2024-02-13,1707833492,Piedmont,71,-80.610576,35.442077,77.95,POINT (-80.610576 35.442077)
2024-02-13,1707825944,Carolinian,80,-80.610919,35.442455,76.99,POINT (-80.610919 35.442455)
2024-02-12,1707822160,Crescent,20,-80.612499,35.444324,75.95,POINT (-80.612499 35.444324)
2024-02-12,1707807193,Crescent,19,-80.614635,35.448043,78.67,POINT (-80.614635 35.448043)
2024-03-02,1709449572,Crescent,19,-80.616382,35.453082,77.51,POINT (-80.616382 35.453082)
2024-03-03,1709534547,Crescent,19,-80.624309,35.476653,77.57,POINT (-80.624309 35.476653)
2024-02-12,1707807028,Crescent,19,-80.6263,35.492507,78.21,POINT (-80.6263 35.492507)
2024-02-13,1707826123,Carolinian,80,-80.625766,35.493903,40.91,POINT (-80.625766 35.493903)
2024-02-13,1707833313,Piedmont,71,-80.62527,35.494628,17.67,POINT (-80.62527 35.494628)
2024-02-12,1707822325,Crescent,20,-80.623424,35.497508,72.95,POINT (-80.623424 35.497508)
2024-02-13,1707826306,Carolinian,80,-80.623004,35.498222,25.65,POINT (-80.623004 35.498222)
2024-03-02,1709449392,Crescent,19,-80.619991,35.502837,63.52,POINT (-80.619991 35.502837)
2024-02-13,1707833120,Piedmont,71,-80.619907,35.502967,53.13,POINT (-80.619907 35.502967)
2024-03-03,1709534368,Crescent,19,-80.613902,35.526229,72.45,POINT (-80.613902 35.526229)
2024-02-13,1707826482,Carolinian,80,-80.614536,35.537978,73.97,POINT (-80.614536 35.537978)
2024-02-12,1707822506,Crescent,20,-80.614177,35.541,73.0,POINT (-80.614177 35.541)
2024-02-12,1707806847,Crescent,19,-80.611705,35.545249,72.73,POINT (-80.611705 35.545249)
2024-03-02,1709449212,Crescent,19,-80.606166,35.549735,70.15,POINT (-80.606166 35.549735)
2024-03-03,1709534187,Crescent,19,-80.581577,35.568408,75.08,POINT (-80.581577 35.568408)
2024-02-13,1707826663,Carolinian,80,-80.566356,35.575,76.99,POINT (-80.566356 35.575)
2024-02-12,1707822686,Crescent,20,-80.565448,35.575679,76.29,POINT (-80.565448 35.575679)
2024-02-12,1707806667,Crescent,19,-80.562625,35.577743,77.29,POINT (-80.562625 35.577743)
2024-03-02,1709449031,Crescent,19,-80.557559,35.582626,74.57,POINT (-80.557559 35.582626)
2024-03-03,1709534008,Crescent,19,-80.537479,35.609653,79.15,POINT (-80.537479 35.609653)
2024-02-13,1707826843,Carolinian,80,-80.532428,35.618156,78.62,POINT (-80.532428 35.618156)
2024-02-12,1707822866,Crescent,20,-80.529575,35.622463,77.18,POINT (-80.529575 35.622463)
2024-03-02,1709420846,Piedmont,76,-80.52753,35.624366,76.3,POINT (-80.52753 35.624366)
2024-02-12,1707806485,Crescent,19,-80.526805,35.625049,73.36,POINT (-80.526805 35.625049)
2024-03-02,1709448851,Crescent,19,-80.521938,35.629459,77.03,POINT (-80.521938 35.629459)
2024-02-13,1707832599,Piedmont,71,-80.519115,35.632018,77.66,POINT (-80.519115 35.632018)
2024-03-03,1709533830,Crescent,19,-80.493503,35.653243,78.62,POINT (-80.493503 35.653243)
2024-02-13,1707827023,Carolinian,80,-80.484989,35.657085,54.82,POINT (-80.484989 35.657085)
2024-02-12,1707823048,Crescent,20,-80.481372,35.658672,63.16,POINT (-80.481372 35.658672)
2024-02-12,1707806305,Crescent,19,-80.477886,35.660175,58.32,POINT (-80.477886 35.660175)
2024-03-02,1709448672,Crescent,19,-80.47346,35.662055,48.52,POINT (-80.47346 35.662055)
2024-02-12,1707806127,Crescent,19,-80.465991,35.667007,0.05,POINT (-80.465991 35.667007)
2024-02-13,1707827182,Carolinian,80,-80.46593,35.667091,0.03,POINT (-80.46593 35.667091)
2024-03-03,1709533466,Crescent,19,-80.465366,35.667438,0.0,POINT (-80.465366 35.667438)
2024-03-03,1709533646,Crescent,19,-80.465358,35.667438,0.02,POINT (-80.465358 35.667438)
2024-02-12,1707823229,Crescent,20,-80.465045,35.667728,0.7000000000000001,POINT (-80.465045 35.667728)
2024-03-02,1709448492,Crescent,19,-80.464656,35.668002,20.21,POINT (-80.464656 35.668002)
2024-02-13,1707827381,Carolinian,80,-80.460635,35.671161,27.59,POINT (-80.460635 35.671161)
2024-03-03,1709533273,Crescent,19,-80.45808,35.672656,55.0,POINT (-80.45808 35.672656)
2024-02-13,1707832314,Piedmont,71,-80.458064,35.672656,43.88,POINT (-80.458064 35.672656)
2024-03-02,1709421129,Piedmont,76,-80.456401,35.673488,47.06,POINT (-80.456401 35.673488)
2024-02-12,1707823408,Crescent,20,-80.441318,35.681304,74.24,POINT (-80.441318 35.681304)
2024-02-12,1707805946,Crescent,19,-80.436878,35.68354,25.41,POINT (-80.436878 35.68354)
2024-03-02,1709448311,Crescent,19,-80.426975,35.688632,76.29,POINT (-80.426975 35.688632)
2024-02-12,1707805766,Crescent,19,-80.419528,35.695918,35.96,POINT (-80.419528 35.695918)
2024-02-13,1707827562,Carolinian,80,-80.417957,35.697715,76.99,POINT (-80.417957 35.697715)
2024-03-03,1709533106,Crescent,19,-80.409541,35.706901,75.51,POINT (-80.409541 35.706901)
2024-02-12,1707823589,Crescent,20,-80.397899,35.719669,64.79,POINT (-80.397899 35.719669)
2024-02-13,1707831993,Piedmont,71,-80.37366,35.719997,71.32,POINT (-80.37366 35.719997)
2024-02-13,1707827740,Carolinian,80,-80.373302,35.720062,67.87,POINT (-80.373302 35.720062)
2024-03-02,1709421424,Piedmont,76,-80.38438,35.722396,69.51,POINT (-80.38438 35.722396)
2024-03-02,1709448131,Crescent,19,-80.385501,35.722659,60.11,POINT (-80.385501 35.722659)
2024-02-12,1707805585,Crescent,19,-80.385677,35.722736,61.19,POINT (-80.385677 35.722736)
2024-03-03,1709532928,Crescent,19,-80.356952,35.723613,78.54,POINT (-80.356952 35.723613)
2024-02-12,1707823768,Crescent,20,-80.339641,35.733661,75.92,POINT (-80.339641 35.733661)
2024-02-12,1707805406,Crescent,19,-80.331279,35.740302,76.61,POINT (-80.331279 35.740302)
2024-03-02,1709447950,Crescent,19,-80.328426,35.742526,78.17,POINT (-80.328426 35.742526)
2024-02-13,1707827924,Carolinian,80,-80.318927,35.750205,68.01,POINT (-80.318927 35.750205)
2024-03-03,1709532746,Crescent,19,-80.306903,35.760002,62.33,POINT (-80.306903 35.760002)
2024-02-12,1707823948,Crescent,20,-80.3017,35.769336,72.44,POINT (-80.3017 35.769336)
2024-03-02,1709421676,Piedmont,76,-80.300884,35.770915,75.2,POINT (-80.300884 35.770915)
2024-02-13,1707831701,Piedmont,71,-80.298465,35.777397,71.81,POINT (-80.298465 35.777397)
2024-02-12,1707805226,Crescent,19,-80.296497,35.783019,74.39,POINT (-80.296497 35.783019)
2024-03-02,1709447770,Crescent,19,-80.2952,35.786483,74.25,POINT (-80.2952 35.786483)
2024-02-13,1707828103,Carolinian,80,-80.292972,35.791255,71.68,POINT (-80.292972 35.791255)
2024-03-03,1709532566,Crescent,19,-80.287914,35.796764,73.15,POINT (-80.287914 35.796764)
2024-02-12,1707824129,Crescent,20,-80.262531,35.812995,65.55,POINT (-80.262531 35.812995)
2024-02-12,1707805045,Crescent,19,-80.254977,35.818691,63.39,POINT (-80.254977 35.818691)
2024-03-02,1709422032,Piedmont,76,-80.246341,35.822498,66.56,POINT (-80.246341 35.822498)
2024-02-13,1707828284,Carolinian,80,-80.246333,35.822543,65.38,POINT (-80.246333 35.822543)
2024-03-02,1709447576,Crescent,19,-80.244167,35.822765,64.5,POINT (-80.244167 35.822765)
2024-03-03,1709532370,Crescent,19,-80.242725,35.823066,70.08,POINT (-80.242725 35.823066)
2024-02-13,1707831397,Piedmont,71,-80.242526,35.823078,66.24,POINT (-80.242526 35.823078)
2024-02-12,1707824308,Crescent,20,-80.215671,35.834663,71.71,POINT (-80.215671 35.834663)
2024-02-12,1707804865,Crescent,19,-80.202708,35.841133,73.66,POINT (-80.202708 35.841133)
2024-03-02,1709447410,Crescent,19,-80.199756,35.842101,76.31,POINT (-80.199756 35.842101)
2024-02-13,1707828459,Carolinian,80,-80.189281,35.844192,78.25,POINT (-80.189281 35.844192)
2024-03-03,1709532205,Crescent,19,-80.178867,35.845558,78.7,POINT (-80.178867 35.845558)
2024-02-12,1707824488,Crescent,20,-80.155711,35.858543,76.13,POINT (-80.155711 35.858543)
2024-03-02,1709422350,Piedmont,76,-80.151866,35.861556,77.6,POINT (-80.151866 35.861556)
2024-02-13,1707831097,Piedmont,71,-80.143466,35.865089,77.56,POINT (-80.143466 35.865089)
2024-02-12,1707804685,Crescent,19,-80.142902,35.865276,78.54,POINT (-80.142902 35.865276)
2024-03-02,1709447230,Crescent,19,-80.140445,35.866203,78.61,POINT (-80.140445 35.866203)
2024-02-13,1707828643,Carolinian,80,-80.132106,35.872417,76.47,POINT (-80.132106 35.872417)
2024-02-12,1707809535,Silver Meteor,97,-79.308169,34.512878,75.63,POINT (-79.308169 34.512878)
2024-03-03,1709536515,Silver Meteor,97,-79.303485,34.519935,77.91,POINT (-79.303485 34.519935)
2024-03-03,1709529679,Silver Meteor,98,-79.29011,34.540744,78.16,POINT (-79.29011 34.540744)
2024-03-02,1709452006,Silver Meteor,97,-79.287616,34.54454,78.63,POINT (-79.287616 34.54454)
2024-03-02,1709442542,Silver Meteor,98,-79.285525,34.547809,78.02,POINT (-79.285525 34.547809)
2024-02-12,1707809371,Silver Meteor,97,-79.278888,34.558028,76.23,POINT (-79.278888 34.558028)
2024-03-03,1709536350,Silver Meteor,97,-79.273951,34.565467,76.75,POINT (-79.273951 34.565467)
2024-03-03,1709529859,Silver Meteor,98,-79.257716,34.590659,78.57,POINT (-79.257716 34.590659)
2024-03-03,1709535991,Silver Meteor,97,-79.256343,34.592708,0.0,POINT (-79.256343 34.592708)
2024-03-02,1709451825,Silver Meteor,97,-79.253672,34.596862,78.62,POINT (-79.253672 34.596862)
2024-03-02,1709442722,Silver Meteor,98,-79.251475,34.600284,77.79,POINT (-79.251475 34.600284)
2024-02-12,1707803419,Silver Meteor,98,-79.251056,34.60097,77.08,POINT (-79.251056 34.60097)
2024-02-12,1707809190,Silver Meteor,97,-79.248362,34.60506,76.0,POINT (-79.248362 34.60506)
2024-03-03,1709535809,Silver Meteor,97,-79.246417,34.608005,29.56,POINT (-79.246417 34.608005)
2024-03-03,1709535631,Silver Meteor,97,-79.225444,34.636459,67.38,POINT (-79.225444 34.636459)
2024-03-03,1709530039,Silver Meteor,98,-79.222941,34.639751,78.03,POINT (-79.222941 34.639751)
2024-03-02,1709451651,Silver Meteor,97,-79.220385,34.643169,77.67,POINT (-79.220385 34.643169)
2024-03-02,1709442903,Silver Meteor,98,-79.216906,34.647906,76.94,POINT (-79.216906 34.647906)
2024-02-12,1707809009,Silver Meteor,97,-79.213084,34.653026,74.77,POINT (-79.213084 34.653026)
2024-02-12,1707803615,Silver Meteor,98,-79.212748,34.653514,78.01,POINT (-79.212748 34.653514)
2024-03-03,1709535450,Silver Meteor,97,-79.200396,34.671649,48.59,POINT (-79.200396 34.671649)
2024-03-02,1709451466,Silver Meteor,97,-79.191996,34.681049,48.97,POINT (-79.191996 34.681049)
2024-03-03,1709530220,Silver Meteor,98,-79.191645,34.681457,49.55,POINT (-79.191645 34.681457)
2024-03-02,1709443083,Silver Meteor,98,-79.190364,34.682758,50.36,POINT (-79.190364 34.682758)
2024-02-12,1707808830,Silver Meteor,97,-79.187121,34.686031,48.4,POINT (-79.187121 34.686031)
2024-02-12,1707803795,Silver Meteor,98,-79.186564,34.686649,49.54,POINT (-79.186564 34.686649)
2024-03-03,1709535268,Silver Meteor,97,-79.172656,34.700694,66.4,POINT (-79.172656 34.700694)
2024-03-03,1709530400,Silver Meteor,98,-79.160655,34.712981,77.88,POINT (-79.160655 34.712981)
2024-03-02,1709451285,Silver Meteor,97,-79.157672,34.715953,77.77,POINT (-79.157672 34.715953)
2024-03-02,1709443263,Silver Meteor,98,-79.154506,34.719241,78.59,POINT (-79.154506 34.719241)
2024-02-12,1707808650,Silver Meteor,97,-79.152713,34.721179,74.73,POINT (-79.152713 34.721179)
2024-02-12,1707803974,Silver Meteor,98,-79.148127,34.7271,78.69,POINT (-79.148127 34.7271)
2024-03-03,1709535089,Silver Meteor,97,-79.13367,34.74565,76.8,POINT (-79.13367 34.74565)
2024-03-03,1709530580,Silver Meteor,98,-79.122928,34.759616,77.54,POINT (-79.122928 34.759616)
2024-03-02,1709451106,Silver Meteor,97,-79.120387,34.762847,77.69,POINT (-79.120387 34.762847)
2024-03-02,1709443443,Silver Meteor,98,-79.117144,34.767093,78.55,POINT (-79.117144 34.767093)
2024-02-12,1707808469,Silver Meteor,97,-79.114535,34.770454,76.22,POINT (-79.114535 34.770454)
2024-02-12,1707804155,Silver Meteor,98,-79.109889,34.776488,78.32,POINT (-79.109889 34.776488)
2024-03-03,1709534909,Silver Meteor,97,-79.096812,34.793227,77.47,POINT (-79.096812 34.793227)
2024-03-03,1709530760,Silver Meteor,98,-79.086207,34.806987,78.24,POINT (-79.086207 34.806987)
2024-03-02,1709450924,Silver Meteor,97,-79.083674,34.810203,77.66,POINT (-79.083674 34.810203)
2024-03-02,1709443622,Silver Meteor,98,-79.080615,34.814208,78.29,POINT (-79.080615 34.814208)
2024-02-12,1707808289,Silver Meteor,97,-79.080539,34.814265,77.22,POINT (-79.080539 34.814265)
2024-02-12,1707804338,Silver Meteor,98,-79.077723,34.817962,78.08,POINT (-79.077723 34.817962)
2024-03-03,1709534732,Silver Meteor,97,-79.062815,34.837115,77.81,POINT (-79.062815 34.837115)
2024-03-03,1709530941,Silver Meteor,98,-79.049296,34.85453,77.65,POINT (-79.049296 34.85453)
2024-03-02,1709443803,Silver Meteor,98,-79.042826,34.86288,78.78,POINT (-79.042826 34.86288)
2024-02-12,1707808109,Silver Meteor,97,-79.04185,34.864116,77.37,POINT (-79.04185 34.864116)
2024-02-12,1707804515,Silver Meteor,98,-79.037547,34.869666,78.21,POINT (-79.037547 34.869666)
2024-03-02,1709450639,Silver Meteor,97,-79.0255,34.885101,77.54,POINT (-79.0255 34.885101)
2024-03-03,1709534548,Silver Meteor,97,-79.023349,34.887828,77.22,POINT (-79.023349 34.887828)
2024-03-03,1709531121,Silver Meteor,98,-79.012492,34.901885,76.57,POINT (-79.012492 34.901885)
2024-02-12,1707807929,Silver Meteor,97,-79.007457,34.908347,77.0,POINT (-79.007457 34.908347)
2024-03-02,1709443983,Silver Meteor,98,-79.005801,34.910499,79.0,POINT (-79.005801 34.910499)
2024-02-12,1707804696,Silver Meteor,98,-79.000537,34.917281,77.25,POINT (-79.000537 34.917281)
2024-03-02,1709450461,Silver Meteor,97,-78.988726,34.932384,76.72,POINT (-78.988726 34.932384)
2024-03-03,1709534369,Silver Meteor,97,-78.986522,34.935073,75.26,POINT (-78.986522 34.935073)
2024-03-03,1709531300,Silver Meteor,98,-78.976733,34.945495,54.95,POINT (-78.976733 34.945495)
2024-02-12,1707807747,Silver Meteor,97,-78.972422,34.949649,55.06,POINT (-78.972422 34.949649)
2024-03-02,1709444164,Silver Meteor,98,-78.971339,34.950225,53.0,POINT (-78.971339 34.950225)
2024-02-12,1707804876,Silver Meteor,98,-78.963603,34.953296,54.83,POINT (-78.963603 34.953296)
2024-03-02,1709450281,Silver Meteor,97,-78.953967,34.958236,54.51,POINT (-78.953967 34.958236)
2024-03-03,1709534188,Silver Meteor,97,-78.949908,34.962348,55.07,POINT (-78.949908 34.962348)
2024-02-12,1707805221,Silver Meteor,98,-78.908419,35.027297,70.77,POINT (-78.908419 35.027297)
2024-03-02,1709449924,Silver Meteor,97,-78.898799,35.035461,46.23,POINT (-78.898799 35.035461)
2024-03-03,1709533832,Silver Meteor,97,-78.896212,35.037807,42.09,POINT (-78.896212 35.037807)
2024-03-03,1709531841,Silver Meteor,98,-78.891955,35.042213,39.38,POINT (-78.891955 35.042213)
2024-02-12,1707807208,Silver Meteor,97,-78.889773,35.046397,38.44,POINT (-78.889773 35.046397)
2024-03-02,1709444704,Silver Meteor,98,-78.888575,35.048656,38.49,POINT (-78.888575 35.048656)
2024-02-12,1707805417,Silver Meteor,98,-78.885455,35.054126,40.71,POINT (-78.885455 35.054126)
2024-02-12,1707807030,Silver Meteor,97,-78.885012,35.055019,0.0,POINT (-78.885012 35.055019)
2024-02-12,1707806668,Silver Meteor,97,-78.884539,35.055896,0.06,POINT (-78.884539 35.055896)
2024-03-03,1709533289,Silver Meteor,97,-78.884425,35.056041,0.07,POINT (-78.884425 35.056041)
2024-03-03,1709532381,Silver Meteor,98,-78.88444,35.056072,0.03,POINT (-78.88444 35.056072)
2024-03-03,1709532021,Silver Meteor,98,-78.884433,35.056072,0.03,POINT (-78.884433 35.056072)
2024-03-02,1709444883,Silver Meteor,98,-78.884448,35.056091,0.03,POINT (-78.884448 35.056091)
2024-03-02,1709445244,Silver Meteor,98,-78.884455,35.056091,0.05,POINT (-78.884455 35.056091)
2024-03-02,1709449562,Silver Meteor,97,-78.884394,35.056152,0.0,POINT (-78.884394 35.056152)
2024-02-12,1707805596,Silver Meteor,98,-78.884326,35.056323,0.0,POINT (-78.884326 35.056323)
2024-02-12,1707805777,Silver Meteor,98,-78.884318,35.056323,0.01,POINT (-78.884318 35.056323)
2024-03-03,1709533108,Silver Meteor,97,-78.883433,35.057956,33.51,POINT (-78.883433 35.057956)
2024-02-12,1707805957,Silver Meteor,98,-78.883387,35.058143,22.85,POINT (-78.883387 35.058143)
2024-03-02,1709449379,Silver Meteor,97,-78.880542,35.063438,41.03,POINT (-78.880542 35.063438)
2024-03-03,1709532562,Silver Meteor,98,-78.872508,35.070693,44.24,POINT (-78.872508 35.070693)
2024-02-12,1707806487,Silver Meteor,97,-78.869654,35.072421,38.55,POINT (-78.869654 35.072421)
2024-03-02,1709445606,Silver Meteor,98,-78.866816,35.074096,55.42,POINT (-78.866816 35.074096)
2024-02-12,1707806122,Silver Meteor,98,-78.865397,35.074966,25.04,POINT (-78.865397 35.074966)
2024-03-03,1709532930,Silver Meteor,97,-78.86053,35.077747,29.79,POINT (-78.86053 35.077747)
2024-02-12,1707806307,Silver Meteor,97,-78.849925,35.084197,30.16,POINT (-78.849925 35.084197)
2024-03-02,1709449200,Silver Meteor,97,-78.848758,35.0848,65.0,POINT (-78.848758 35.0848)
2024-03-03,1709532742,Silver Meteor,98,-78.838824,35.090682,42.91,POINT (-78.838824 35.090682)
2024-03-03,1709532747,Silver Meteor,97,-78.836749,35.091918,30.1,POINT (-78.836749 35.091918)
2024-02-12,1707806129,Silver Meteor,97,-78.828387,35.096992,29.85,POINT (-78.828387 35.096992)
2024-02-12,1707806317,Silver Meteor,98,-78.828105,35.097118,77.81,POINT (-78.828105 35.097118)
2024-03-02,1709445784,Silver Meteor,98,-78.816294,35.104091,78.21,POINT (-78.816294 35.104091)
2024-03-03,1709532567,Silver Meteor,97,-78.815356,35.104602,29.74,POINT (-78.815356 35.104602)
2024-02-12,1707805947,Silver Meteor,97,-78.807353,35.109798,29.21,POINT (-78.807353 35.109798)
2024-03-03,1709532922,Silver Meteor,98,-78.801303,35.114246,78.42,POINT (-78.801303 35.114246)
2024-03-02,1709449034,Silver Meteor,97,-78.794505,35.119334,78.63,POINT (-78.794505 35.119334)
2024-03-03,1709532386,Silver Meteor,97,-78.783732,35.127353,77.69,POINT (-78.783732 35.127353)
2024-02-12,1707805767,Silver Meteor,97,-78.77859,35.13124,72.92,POINT (-78.77859 35.13124)
2024-02-12,1707806497,Silver Meteor,98,-78.77518,35.133846,78.21,POINT (-78.77518 35.133846)
2024-03-02,1709445966,Silver Meteor,98,-78.764254,35.141948,78.4,POINT (-78.764254 35.141948)
2024-03-03,1709533102,Silver Meteor,98,-78.750193,35.152377,76.93,POINT (-78.750193 35.152377)
2024-03-02,1709448853,Silver Meteor,97,-78.747836,35.154151,78.44,POINT (-78.747836 35.154151)
2024-03-03,1709532206,Silver Meteor,97,-78.73318,35.165096,77.52,POINT (-78.73318 35.165096)
2024-02-12,1707806677,Silver Meteor,98,-78.729213,35.16809,77.79,POINT (-78.729213 35.16809)
2024-02-12,1707805587,Silver Meteor,97,-78.728839,35.168353,78.0,POINT (-78.728839 35.168353)
2024-03-02,1709446145,Silver Meteor,98,-78.712207,35.180743,77.22,POINT (-78.712207 35.180743)
2024-03-03,1709533283,Silver Meteor,98,-78.70045,35.191085,78.03,POINT (-78.70045 35.191085)
2024-03-02,1709448659,Silver Meteor,97,-78.695735,35.197456,76.32,POINT (-78.695735 35.197456)
2024-03-03,1709532028,Silver Meteor,97,-78.688647,35.206905,77.18,POINT (-78.688647 35.206905)
2024-02-12,1707805408,Silver Meteor,97,-78.686038,35.210452,77.36,POINT (-78.686038 35.210452)
2024-02-12,1707806843,Silver Meteor,98,-78.685603,35.211044,76.74,POINT (-78.685603 35.211044)
2024-03-02,1709446326,Silver Meteor,98,-78.674678,35.225627,78.22,POINT (-78.674678 35.225627)
2024-03-03,1709533463,Silver Meteor,98,-78.664225,35.239532,79.12,POINT (-78.664225 35.239532)
2024-03-02,1709448494,Silver Meteor,97,-78.659846,35.245372,78.14,POINT (-78.659846 35.245372)
2024-02-12,1707805228,Silver Meteor,97,-78.654704,35.252288,77.27,POINT (-78.654704 35.252288)
2024-03-03,1709531847,Silver Meteor,97,-78.65288,35.254684,77.17,POINT (-78.65288 35.254684)
2024-02-12,1707807023,Silver Meteor,98,-78.648982,35.259948,78.53,POINT (-78.648982 35.259948)
2024-03-02,1709446506,Silver Meteor,98,-78.638568,35.273822,76.39,POINT (-78.638568 35.273822)
2024-03-03,1709533643,Silver Meteor,98,-78.629176,35.286277,61.62,POINT (-78.629176 35.286277)
2024-03-02,1709448312,Silver Meteor,97,-78.627948,35.287788,59.63,POINT (-78.627948 35.287788)
2024-03-03,1709531666,Silver Meteor,97,-78.619433,35.297729,59.63,POINT (-78.619433 35.297729)
2024-02-12,1707805047,Silver Meteor,97,-78.617541,35.299972,58.27,POINT (-78.617541 35.299972)
2024-02-12,1707807202,Silver Meteor,98,-78.615779,35.302059,59.08,POINT (-78.615779 35.302059)
2024-03-02,1709446686,Silver Meteor,98,-78.607302,35.311927,60.5,POINT (-78.607302 35.311927)
2024-03-02,1709448133,Silver Meteor,97,-78.598162,35.322612,59.85,POINT (-78.598162 35.322612)
2024-03-03,1709533823,Silver Meteor,98,-78.595874,35.325267,64.24,POINT (-78.595874 35.325267)
2024-03-03,1709531486,Silver Meteor,97,-78.587489,35.335056,76.85,POINT (-78.587489 35.335056)
2024-02-12,1707804867,Silver Meteor,97,-78.586741,35.335983,74.82,POINT (-78.586741 35.335983)
2024-02-12,1707807383,Silver Meteor,98,-78.581874,35.341659,77.67,POINT (-78.581874 35.341659)
2024-03-02,1709446866,Silver Meteor,98,-78.571894,35.353286,77.76,POINT (-78.571894 35.353286)
2024-03-03,1709534003,Silver Meteor,98,-78.560153,35.366931,76.39,POINT (-78.560153 35.366931)
2024-03-02,1709447952,Silver Meteor,97,-78.559992,35.367175,77.67,POINT (-78.559992 35.367175)
2024-03-03,1709531305,Silver Meteor,97,-78.54819,35.38095,77.18,POINT (-78.54819 35.38095)
2024-02-12,1707804687,Silver Meteor,97,-78.547427,35.381858,76.87,POINT (-78.547427 35.381858)
2024-02-12,1707807563,Silver Meteor,98,-78.539561,35.39104,78.82,POINT (-78.539561 35.39104)
2024-03-02,1709447046,Silver Meteor,98,-78.531527,35.398376,78.59,POINT (-78.531527 35.398376)
2024-03-03,1709534183,Silver Meteor,98,-78.517047,35.410789,78.23,POINT (-78.517047 35.410789)
2024-03-02,1709447773,Silver Meteor,97,-78.517001,35.410884,77.44,POINT (-78.517001 35.410884)
2024-03-03,1709531126,Silver Meteor,97,-78.505236,35.416938,77.51,POINT (-78.505236 35.416938)
2024-02-12,1707804505,Silver Meteor,97,-78.498973,35.419681,75.15,POINT (-78.498973 35.419681)
2024-03-02,1709447226,Silver Meteor,98,-78.492854,35.422244,59.0,POINT (-78.492854 35.422244)
2024-02-12,1707807742,Silver Meteor,98,-78.485682,35.425094,76.7,POINT (-78.485682 35.425094)
2024-03-03,1709534364,Silver Meteor,98,-78.454562,35.435039,78.83,POINT (-78.454562 35.435039)
2024-03-02,1709447578,Silver Meteor,97,-78.450175,35.436839,76.22,POINT (-78.450175 35.436839)
2024-03-02,1709447406,Silver Meteor,98,-78.447611,35.437908,20.9,POINT (-78.447611 35.437908)
2024-03-02,1709447586,Silver Meteor,98,-78.440272,35.440837,2.9699999999999998,POINT (-78.440272 35.440837)
2024-03-03,1709530946,Silver Meteor,97,-78.436679,35.442222,77.98,POINT (-78.436679 35.442222)
2024-02-12,1707804327,Silver Meteor,97,-78.436755,35.442226,77.24,POINT (-78.436755 35.442226)
2024-02-12,1707807923,Silver Meteor,98,-78.434695,35.443008,16.5,POINT (-78.434695 35.443008)
2024-03-02,1709447767,Silver Meteor,98,-78.412211,35.451976,67.37,POINT (-78.412211 35.451976)
2024-02-12,1707808103,Silver Meteor,98,-78.411235,35.452381,77.38,POINT (-78.411235 35.452381)
2024-03-02,1709447412,Silver Meteor,97,-78.393954,35.459201,71.39,POINT (-78.393954 35.459201)
2024-03-03,1709534544,Silver Meteor,98,-78.393733,35.459274,67.81,POINT (-78.393733 35.459274)
2024-02-12,1707804146,Silver Meteor,97,-78.381655,35.469432,69.56,POINT (-78.381655 35.469432)
2024-03-03,1709530764,Silver Meteor,97,-78.381518,35.469558,69.4,POINT (-78.381518 35.469558)
2024-03-02,1709447947,Silver Meteor,98,-78.366641,35.482723,68.6,POINT (-78.366641 35.482723)
2024-02-12,1707808283,Silver Meteor,98,-78.361132,35.48569,68.17,POINT (-78.361132 35.48569)
2024-03-02,1709447232,Silver Meteor,97,-78.350939,35.494422,69.56,POINT (-78.350939 35.494422)
2024-03-03,1709534725,Silver Meteor,98,-78.348193,35.497196,63.61,POINT (-78.348193 35.497196)
2024-02-12,1707803964,Silver Meteor,97,-78.34138,35.504211,56.82,POINT (-78.34138 35.504211)
2024-03-03,1709531481,Silver Meteor,98,-78.949038,34.972736,53.78,POINT (-78.949038 34.972736)
2024-02-12,1707807570,Silver Meteor,97,-78.948634,34.978194,54.76,POINT (-78.948634 34.978194)
2024-03-02,1709444343,Silver Meteor,98,-78.948344,34.978832,53.5,POINT (-78.948344 34.978832)
2024-02-12,1707805057,Silver Meteor,98,-78.943858,34.985732,62.12,POINT (-78.943858 34.985732)
2024-03-02,1709450100,Silver Meteor,97,-78.935138,34.999027,69.98,POINT (-78.935138 34.999027)
2024-03-03,1709534009,Silver Meteor,97,-78.933108,35.002097,69.35,POINT (-78.933108 35.002097)
2024-03-03,1709531661,Silver Meteor,98,-78.925341,35.01411,68.36,POINT (-78.925341 35.01411)
2024-02-12,1707807388,Silver Meteor,97,-78.921992,35.018737,69.29,POINT (-78.921992 35.018737)
2024-03-02,1709444523,Silver Meteor,98,-78.920977,35.019546,69.5,POINT (-78.920977 35.019546)
2024-02-13,1707826122,Piedmont,71,-78.909266,35.998577,28.9,POINT (-78.909266 35.998577)
2024-03-03,1709530584,Silver Meteor,97,-78.340533,35.505058,59.72,POINT (-78.340533 35.505058)
2024-03-02,1709448127,Silver Meteor,98,-78.323802,35.512897,60.92,POINT (-78.323802 35.512897)
2024-02-12,1707808463,Silver Meteor,98,-78.322138,35.513461,63.41,POINT (-78.322138 35.513461)
2024-03-02,1709447052,Silver Meteor,97,-78.305567,35.519447,77.36,POINT (-78.305567 35.519447)
2024-03-03,1709534904,Silver Meteor,98,-78.304217,35.520084,77.11,POINT (-78.304217 35.520084)
2024-02-12,1707803786,Silver Meteor,97,-78.304057,35.520275,49.71,POINT (-78.304057 35.520275)
2024-03-03,1709530405,Silver Meteor,97,-78.289683,35.527568,63.74,POINT (-78.289683 35.527568)
2024-03-02,1709448307,Silver Meteor,98,-78.275813,35.534667,50.09,POINT (-78.275813 35.534667)
2024-02-12,1707803605,Silver Meteor,97,-78.270831,35.536857,57.4,POINT (-78.270831 35.536857)
2024-02-12,1707808643,Silver Meteor,98,-78.269099,35.537483,68.14,POINT (-78.269099 35.537483)
2024-03-03,1709535263,Silver Meteor,98,-78.193446,35.565853,77.35,POINT (-78.193446 35.565853)
2024-03-03,1709530044,Silver Meteor,97,-78.176905,35.572143,78.59,POINT (-78.176905 35.572143)
2024-03-02,1709448667,Silver Meteor,98,-78.15864,35.582832,63.74,POINT (-78.15864 35.582832)
2024-02-12,1707809003,Silver Meteor,98,-78.150202,35.587696,61.59,POINT (-78.150202 35.587696)
2024-03-02,1709446512,Silver Meteor,97,-78.142581,35.588474,54.84,POINT (-78.142581 35.588474)
2024-03-03,1709535444,Silver Meteor,98,-78.138888,35.58868,62.88,POINT (-78.138888 35.58868)
2024-03-03,1709529865,Silver Meteor,97,-78.123858,35.593929,75.21,POINT (-78.123858 35.593929)
2024-03-03,1709535624,Silver Meteor,98,-78.10808,35.601589,30.73,POINT (-78.10808 35.601589)
2024-03-02,1709448847,Silver Meteor,98,-78.102641,35.604171,77.03,POINT (-78.102641 35.604171)
2024-02-12,1707809184,Silver Meteor,98,-78.09286,35.608894,77.63,POINT (-78.09286 35.608894)
2024-03-02,1709446332,Silver Meteor,97,-78.084261,35.61304,77.62,POINT (-78.084261 35.61304)
2024-03-03,1709535805,Silver Meteor,98,-78.073329,35.618312,63.33,POINT (-78.073329 35.618312)
2024-03-03,1709529686,Silver Meteor,97,-78.064654,35.62252,76.16,POINT (-78.064654 35.62252)
2024-03-02,1709449027,Silver Meteor,98,-78.042689,35.631828,77.86,POINT (-78.042689 35.631828)
2024-03-03,1709535985,Silver Meteor,98,-78.041361,35.632339,67.43,POINT (-78.041361 35.632339)
2024-02-12,1707809364,Silver Meteor,98,-78.031184,35.636543,77.31,POINT (-78.031184 35.636543)
2024-03-02,1709446152,Silver Meteor,97,-78.023264,35.639762,78.45,POINT (-78.023264 35.639762)
2024-03-03,1709529505,Silver Meteor,97,-78.003565,35.647842,75.93,POINT (-78.003565 35.647842)
2024-03-02,1709449208,Silver Meteor,98,-77.980807,35.657119,72.14,POINT (-77.980807 35.657119)
2024-03-03,1709536165,Silver Meteor,98,-77.980624,35.657138,69.43,POINT (-77.980624 35.657138)
2024-03-02,1709446871,Silver Meteor,97,-78.260241,35.54079,72.3,POINT (-78.260241 35.54079)
2024-03-03,1709535084,Silver Meteor,98,-78.25606,35.542323,75.94,POINT (-78.25606 35.542323)
2024-03-03,1709530225,Silver Meteor,97,-78.246211,35.546035,77.8,POINT (-78.246211 35.546035)
2024-02-12,1707803425,Silver Meteor,97,-78.220408,35.555789,46.03,POINT (-78.220408 35.555789)
2024-03-02,1709448488,Silver Meteor,98,-78.217646,35.5568,77.31,POINT (-78.217646 35.5568)
2024-02-12,1707808824,Silver Meteor,98,-78.204676,35.561668,76.6,POINT (-78.204676 35.561668)
2024-03-02,1709446691,Silver Meteor,97,-78.197802,35.56425,78.47,POINT (-78.197802 35.56425)
2024-02-13,1707823959,Piedmont,71,-78.647692,35.776607,2.43,POINT (-78.647692 35.776607)
2024-02-12,1707804872,Piedmont,78,-78.779414,35.788486,21.75,POINT (-78.779414 35.788486)
2024-02-13,1707824859,Piedmont,71,-78.783015,35.789016,0.0,POINT (-78.783015 35.789016)
2024-02-12,1707809544,Silver Meteor,98,-77.97275,35.660411,47.03,POINT (-77.97275 35.660411)
2024-03-02,1709445971,Silver Meteor,97,-77.961306,35.665065,77.68,POINT (-77.961306 35.665065)
2024-03-03,1709529325,Silver Meteor,97,-77.959055,35.666038,44.84,POINT (-77.959055 35.666038)
2024-03-02,1709449388,Silver Meteor,98,-77.939448,35.674018,58.95,POINT (-77.939448 35.674018)
2024-03-03,1709536345,Silver Meteor,98,-77.937426,35.674804,60.12,POINT (-77.937426 35.674804)
2024-02-12,1707809724,Silver Meteor,98,-77.931063,35.680587,58.63,POINT (-77.931063 35.680587)
2024-03-03,1709529146,Silver Meteor,97,-77.921847,35.697242,62.96,POINT (-77.921847 35.697242)
2024-03-02,1709445789,Silver Meteor,97,-77.921671,35.697494,57.27,POINT (-77.921671 35.697494)
2024-03-02,1709449568,Silver Meteor,98,-77.914866,35.709953,46.13,POINT (-77.914866 35.709953)
2024-03-03,1709536526,Silver Meteor,98,-77.912959,35.713466,48.33,POINT (-77.912959 35.713466)
2024-02-12,1707809905,Silver Meteor,98,-77.910723,35.71754,49.56,POINT (-77.910723 35.71754)
2024-03-02,1709445612,Silver Meteor,97,-77.909441,35.719894,43.03,POINT (-77.909441 35.719894)
2024-03-03,1709528964,Silver Meteor,97,-77.903521,35.730648,48.7,POINT (-77.903521 35.730648)
2024-03-02,1709449748,Silver Meteor,98,-77.895175,35.745849,74.77,POINT (-77.895175 35.745849)
2024-03-03,1709536705,Silver Meteor,98,-77.891482,35.752487,77.7,POINT (-77.891482 35.752487)
2024-03-02,1709445430,Silver Meteor,97,-77.888461,35.758113,77.7,POINT (-77.888461 35.758113)
2024-02-12,1707810085,Silver Meteor,98,-77.887942,35.759025,78.03,POINT (-77.887942 35.759025)
2024-03-03,1709528784,Silver Meteor,97,-77.878207,35.776763,76.66,POINT (-77.878207 35.776763)
2024-03-02,1709449929,Silver Meteor,98,-77.873866,35.784652,28.81,POINT (-77.873866 35.784652)
2024-03-03,1709536886,Silver Meteor,98,-77.865389,35.800079,77.88,POINT (-77.865389 35.800079)
2024-02-12,1707804693,Piedmont,78,-78.784716,35.789516,32.31,POINT (-78.784716 35.789516)
2024-02-13,1707825035,Piedmont,71,-78.78477,35.789527,27.69,POINT (-78.78477 35.789527)
2024-02-12,1707805069,Piedmont,78,-78.715281,35.789989,68.94,POINT (-78.715281 35.789989)
2024-02-12,1707804994,Piedmont,78,-78.756465,35.791156,52.69,POINT (-78.756465 35.791156)
2024-02-13,1707824668,Piedmont,71,-78.772616,35.791458,24.68,POINT (-78.772616 35.791458)
2024-02-13,1707824480,Piedmont,71,-78.764491,35.792488,16.44,POINT (-78.764491 35.792488)
2024-02-13,1707824163,Piedmont,71,-78.705363,35.794616,70.33,POINT (-78.705363 35.794616)
2024-02-13,1707824138,Piedmont,71,-78.696955,35.795417,70.99,POINT (-78.696955 35.795417)
2024-02-13,1707825098,Piedmont,71,-78.820643,35.804359,58.72,POINT (-78.820643 35.804359)
2024-02-12,1707804381,Piedmont,78,-78.839831,35.849697,72.74,POINT (-78.839831 35.849697)
2024-03-02,1709445249,Silver Meteor,97,-77.860293,35.809402,76.84,POINT (-77.860293 35.809402)
2024-02-12,1707810265,Silver Meteor,98,-77.859797,35.810272,78.21,POINT (-77.859797 35.810272)
2024-03-02,1709450109,Silver Meteor,98,-77.855189,35.81855,77.98,POINT (-77.855189 35.81855)
2024-03-03,1709528569,Silver Meteor,97,-77.845416,35.836425,76.4,POINT (-77.845416 35.836425)
2024-03-03,1709537066,Silver Meteor,98,-77.837466,35.850864,70.76,POINT (-77.837466 35.850864)
2024-03-02,1709445070,Silver Meteor,97,-77.832728,35.859504,68.95,POINT (-77.832728 35.859504)
2024-02-12,1707810445,Silver Meteor,98,-77.832278,35.860305,69.92,POINT (-77.832278 35.860305)
2024-03-03,1709528434,Silver Meteor,97,-77.826159,35.871368,68.19,POINT (-77.826159 35.871368)
2024-03-02,1709450289,Silver Meteor,98,-77.825793,35.871982,70.45,POINT (-77.825793 35.871982)
2024-03-03,1709537245,Silver Meteor,98,-77.812655,35.900676,77.42,POINT (-77.812655 35.900676)
2024-03-02,1709444889,Silver Meteor,97,-77.811709,35.903068,36.8,POINT (-77.811709 35.903068)
2024-03-02,1709450469,Silver Meteor,98,-77.807452,35.913154,56.31,POINT (-77.807452 35.913154)
2024-02-12,1707810625,Silver Meteor,98,-77.807322,35.913688,76.36,POINT (-77.807322 35.913688)
2024-03-02,1709443988,Silver Meteor,97,-77.806292,35.915969,0.0,POINT (-77.806292 35.915969)
2024-03-02,1709444169,Silver Meteor,97,-77.805857,35.916984,0.02,POINT (-77.805857 35.916984)
2024-03-03,1709528253,Silver Meteor,97,-77.803927,35.921741,54.59,POINT (-77.803927 35.921741)
2024-03-02,1709443808,Silver Meteor,97,-77.802905,35.924118,30.37,POINT (-77.802905 35.924118)
2024-03-02,1709450649,Silver Meteor,98,-77.797823,35.936424,27.63,POINT (-77.797823 35.936424)
2024-03-03,1709537607,Silver Meteor,98,-77.797381,35.937492,0.06,POINT (-77.797381 35.937492)
2024-03-02,1709450934,Silver Meteor,98,-77.79732,35.937595,0.0,POINT (-77.79732 35.937595)
2024-02-13,1707825382,Piedmont,71,-78.854152,35.876876,73.74,POINT (-78.854152 35.876876)
2024-02-12,1707804078,Piedmont,78,-78.850886,35.933715,62.67,POINT (-78.850886 35.933715)
2024-02-13,1707825698,Piedmont,71,-78.85184,35.952999,52.51,POINT (-78.85184 35.952999)
2024-02-12,1707803793,Piedmont,78,-78.894633,35.986507,52.56,POINT (-78.894633 35.986507)
2024-03-02,1709427793,Piedmont,76,-78.905459,35.996517,30.24,POINT (-78.905459 35.996517)
2024-02-12,1707803611,Piedmont,78,-78.906199,35.996948,0.0,POINT (-78.906199 35.996948)
2024-03-02,1709427609,Piedmont,76,-78.906649,35.997169,0.27,POINT (-78.906649 35.997169)
2024-02-13,1707835486,Carolinian,80,-78.907374,35.997589,0.02,POINT (-78.907374 35.997589)
2024-02-13,1707825943,Piedmont,71,-78.907573,35.997657,0.0,POINT (-78.907573 35.997657)
2024-03-02,1709420958,Carolinian,79,-78.908786,35.998332,18.33,POINT (-78.908786 35.998332)
2024-02-12,1707810805,Silver Meteor,98,-77.797327,35.937599,0.05,POINT (-77.797327 35.937599)
2024-03-03,1709528073,Silver Meteor,97,-77.797251,35.937828,0.09,POINT (-77.797251 35.937828)
2024-03-02,1709443269,Silver Meteor,97,-77.797221,35.937839,0.06,POINT (-77.797221 35.937839)
2024-03-02,1709443448,Silver Meteor,97,-77.797236,35.937911,0.08,POINT (-77.797236 35.937911)
2024-03-03,1709537427,Silver Meteor,98,-77.797129,35.938056,16.98,POINT (-77.797129 35.938056)
2024-03-03,1709527893,Silver Meteor,97,-77.796488,35.939643,28.07,POINT (-77.796488 35.939643)
2024-02-12,1707811166,Silver Meteor,98,-77.793437,35.946907,41.19,POINT (-77.793437 35.946907)
2024-03-02,1709451114,Silver Meteor,98,-77.791926,35.950531,39.68,POINT (-77.791926 35.950531)
2024-03-03,1709537786,Silver Meteor,98,-77.789698,35.955913,39.36,POINT (-77.789698 35.955913)
2024-03-02,1709443089,Silver Meteor,97,-77.789027,35.957527,35.77,POINT (-77.789027 35.957527)
2024-03-03,1709527712,Silver Meteor,97,-77.785181,35.966789,54.19,POINT (-77.785181 35.966789)
2024-02-12,1707811346,Silver Meteor,98,-77.777453,35.985748,77.56,POINT (-77.777453 35.985748)
2024-03-02,1709451294,Silver Meteor,98,-77.775706,35.992561,78.33,POINT (-77.775706 35.992561)
2024-03-02,1709442911,Silver Meteor,97,-77.773722,36.000492,78.15,POINT (-77.773722 36.000492)
2024-03-03,1709537967,Silver Meteor,98,-77.772662,36.004447,77.21,POINT (-77.772662 36.004447)
2024-03-03,1709527518,Silver Meteor,97,-77.762843,36.023395,78.36,POINT (-77.762843 36.023395)
2024-02-12,1707811532,Silver Meteor,98,-77.752955,36.041317,76.58,POINT (-77.752955 36.041317)
2024-03-02,1709451474,Silver Meteor,98,-77.75091,36.044921,76.87,POINT (-77.75091 36.044921)
2024-03-02,1709442728,Silver Meteor,97,-77.746706,36.052558,77.98,POINT (-77.746706 36.052558)
2024-03-03,1709538147,Silver Meteor,98,-77.744868,36.055889,78.36,POINT (-77.744868 36.055889)
2024-03-02,1709445068,Crescent,19,-79.788554,36.068496,0.19,POINT (-79.788554 36.068496)
2024-03-03,1709529863,Crescent,19,-79.788486,36.068527,0.14,POINT (-79.788486 36.068527)
2024-02-13,1707829725,Piedmont,71,-79.787234,36.068557,1.62,POINT (-79.787234 36.068557)
2024-03-02,1709423836,Piedmont,76,-79.78725,36.068557,0.0,POINT (-79.78725 36.068557)
2024-02-13,1707829531,Piedmont,71,-79.78699,36.068618,0.16,POINT (-79.78699 36.068618)
2024-03-02,1709426361,Carolinian,79,-79.787456,36.068675,14.65,POINT (-79.787456 36.068675)
2024-02-13,1707830428,Carolinian,80,-79.786822,36.06871,0.07,POINT (-79.786822 36.06871)
2024-02-13,1707830611,Carolinian,80,-79.78683,36.06871,0.1,POINT (-79.78683 36.06871)
2024-02-12,1707827011,Crescent,20,-79.787341,36.068866,0.0,POINT (-79.787341 36.068866)
2024-03-02,1709425642,Carolinian,79,-79.786273,36.068939,0.02,POINT (-79.786273 36.068939)
2024-03-02,1709425460,Carolinian,79,-79.786281,36.068939,0.0,POINT (-79.786281 36.068939)
2024-03-02,1709426169,Carolinian,79,-79.786273,36.068942,0.01,POINT (-79.786273 36.068942)
2024-03-02,1709445428,Crescent,19,-79.787143,36.069072,0.0,POINT (-79.787143 36.069072)
2024-03-02,1709445247,Crescent,19,-79.78715,36.069072,0.07,POINT (-79.78715 36.069072)
2024-03-02,1709425267,Carolinian,79,-79.785327,36.069099,12.5,POINT (-79.785327 36.069099)
2024-03-03,1709530404,Crescent,19,-79.787051,36.069107,0.05,POINT (-79.787051 36.069107)
2024-03-03,1709530224,Crescent,19,-79.787059,36.069107,0.02,POINT (-79.787059 36.069107)
2024-03-03,1709530043,Crescent,19,-79.787059,36.06911,0.0,POINT (-79.787059 36.06911)
2024-03-02,1709424013,Piedmont,76,-79.784663,36.069156,15.68,POINT (-79.784663 36.069156)
2024-02-12,1707826831,Crescent,20,-79.78609,36.069377,0.0,POINT (-79.78609 36.069377)
2024-03-02,1709425100,Carolinian,79,-79.773578,36.071083,23.04,POINT (-79.773578 36.071083)
2024-03-02,1709424162,Piedmont,76,-79.767566,36.072246,70.52,POINT (-79.767566 36.072246)
2024-02-13,1707830798,Carolinian,80,-79.766864,36.072471,63.81,POINT (-79.766864 36.072471)
2024-02-12,1707827552,Crescent,20,-79.785312,36.083419,55.08,POINT (-79.785312 36.083419)
2024-02-13,1707829274,Piedmont,71,-79.732539,36.084808,77.16,POINT (-79.732539 36.084808)
2024-03-02,1709444887,Crescent,19,-79.784572,36.085342,52.53,POINT (-79.784572 36.085342)
2024-03-02,1709424921,Carolinian,79,-79.719478,36.085597,67.38,POINT (-79.719478 36.085597)
2024-02-13,1707830970,Carolinian,80,-79.705325,36.086238,68.17,POINT (-79.705325 36.086238)
2024-03-03,1709529685,Crescent,19,-79.784175,36.086368,42.2,POINT (-79.784175 36.086368)
2024-03-02,1709424377,Piedmont,76,-79.675349,36.096927,57.06,POINT (-79.675349 36.096927)
2024-02-13,1707832967,Carolinian,80,-79.435031,36.094261,0.07,POINT (-79.435031 36.094261)
2024-03-02,1709423299,Carolinian,79,-79.437228,36.096553,31.77,POINT (-79.437228 36.096553)
2024-03-02,1709425257,Piedmont,76,-79.439982,36.099407,52.93,POINT (-79.439982 36.099407)
2024-03-02,1709425039,Piedmont,76,-79.520724,36.101837,57.33,POINT (-79.520724 36.101837)
2024-03-02,1709423646,Carolinian,79,-79.532512,36.102306,63.35,POINT (-79.532512 36.102306)
2024-02-13,1707832601,Carolinian,80,-79.533107,36.102355,62.81,POINT (-79.533107 36.102355)
2024-02-13,1707828400,Piedmont,71,-79.453509,36.105278,61.78,POINT (-79.453509 36.105278)
2024-02-13,1707828681,Piedmont,71,-79.54301,36.105667,68.33,POINT (-79.54301 36.105667)
2024-03-02,1709424366,Carolinian,79,-79.654521,36.107719,0.0,POINT (-79.654521 36.107719)
2024-03-02,1709423481,Carolinian,79,-79.482638,36.108348,70.05,POINT (-79.482638 36.108348)
2024-03-02,1709424185,Carolinian,79,-79.651614,36.108669,4.27,POINT (-79.651614 36.108669)
2024-02-13,1707832250,Carolinian,80,-79.629283,36.108768,24.98,POINT (-79.629283 36.108768)
2024-02-13,1707831512,Carolinian,80,-79.636943,36.108913,0.11,POINT (-79.636943 36.108913)
2024-02-13,1707832066,Carolinian,80,-79.636951,36.108917,0.07,POINT (-79.636951 36.108917)
2024-02-13,1707831345,Carolinian,80,-79.638293,36.10902,10.75,POINT (-79.638293 36.10902)
2024-03-02,1709424021,Carolinian,79,-79.639651,36.109058,32.12,POINT (-79.639651 36.109058)
2024-02-13,1707829003,Piedmont,71,-79.640506,36.109096,69.39,POINT (-79.640506 36.109096)
2024-02-13,1707832788,Carolinian,80,-79.471187,36.112487,68.48,POINT (-79.471187 36.112487)
2024-03-02,1709424716,Piedmont,76,-79.615291,36.113819,52.44,POINT (-79.615291 36.113819)
2024-03-02,1709423827,Carolinian,79,-79.593181,36.114006,78.76,POINT (-79.593181 36.114006)
2024-03-02,1709424742,Carolinian,79,-79.67467,36.097179,57.85,POINT (-79.67467 36.097179)
2024-02-13,1707831161,Carolinian,80,-79.656367,36.10691,44.13,POINT (-79.656367 36.10691)
2024-03-02,1709424560,Carolinian,79,-79.654529,36.107719,0.01,POINT (-79.654529 36.107719)
2024-03-02,1709444709,Crescent,19,-79.77872,36.120628,60.95,POINT (-79.77872 36.120628)
2024-03-03,1709529504,Crescent,19,-79.777255,36.123355,64.42,POINT (-79.777255 36.123355)
2024-02-12,1707827733,Crescent,20,-79.77679,36.123706,64.34,POINT (-79.77679 36.123706)
2024-03-02,1709444527,Crescent,19,-79.754603,36.155464,48.91,POINT (-79.754603 36.155464)
2024-03-03,1709529323,Crescent,19,-79.752269,36.158782,66.2,POINT (-79.752269 36.158782)
2024-02-12,1707827925,Crescent,20,-79.751132,36.15977,69.87,POINT (-79.751132 36.15977)
2024-03-02,1709444347,Crescent,19,-79.724696,36.193996,69.0,POINT (-79.724696 36.193996)
2024-02-13,1707832412,Carolinian,80,-79.591456,36.114032,68.07,POINT (-79.591456 36.114032)
2024-03-02,1709443986,Crescent,19,-79.653049,36.263729,62.67,POINT (-79.653049 36.263729)
2024-02-12,1707828451,Crescent,20,-79.649257,36.269363,64.97,POINT (-79.649257 36.269363)
2024-03-03,1709528782,Crescent,19,-79.648784,36.273418,64.54,POINT (-79.648784 36.273418)
2024-03-02,1709443806,Crescent,19,-79.645,36.303215,64.69,POINT (-79.645 36.303215)
2024-02-12,1707828634,Crescent,20,-79.648913,36.314765,69.02,POINT (-79.648913 36.314765)
2024-02-12,1707828992,Crescent,20,-79.648982,36.386547,59.32,POINT (-79.648982 36.386547)
2024-03-03,1709528251,Crescent,19,-79.648372,36.386997,62.37,POINT (-79.648372 36.386997)
2024-03-02,1709443267,Crescent,19,-79.622348,36.403141,49.44,POINT (-79.622348 36.403141)
2024-02-12,1707829172,Crescent,20,-79.61217,36.410331,67.91,POINT (-79.61217 36.410331)
2024-02-12,1707828091,Crescent,20,-79.724155,36.198711,69.35,POINT (-79.724155 36.198711)
2024-03-03,1709529144,Crescent,19,-79.723453,36.201858,68.69,POINT (-79.723453 36.201858)
2024-03-02,1709444167,Crescent,19,-79.691661,36.234012,61.7,POINT (-79.691661 36.234012)
2024-02-12,1707828271,Crescent,20,-79.691936,36.2387,64.29,POINT (-79.691936 36.2387)
2024-03-03,1709528962,Crescent,19,-79.690501,36.242809,62.87,POINT (-79.690501 36.242809)
2024-03-03,1709528568,Crescent,19,-79.654712,36.323394,66.02,POINT (-79.654712 36.323394)
2024-03-02,1709443625,Crescent,19,-79.658816,36.346656,57.55,POINT (-79.658816 36.346656)
2024-02-12,1707828811,Crescent,20,-79.661471,36.354919,53.17,POINT (-79.661471 36.354919)
2024-03-03,1709528432,Crescent,19,-79.661502,36.355102,54.7,POINT (-79.661502 36.355102)
2024-03-02,1709443446,Crescent,19,-79.655849,36.378376,42.01,POINT (-79.655849 36.378376)
2024-03-03,1709528071,Crescent,19,-79.609653,36.412025,67.58,POINT (-79.609653 36.412025)
2024-03-02,1709443087,Crescent,19,-79.579806,36.428527,64.35,POINT (-79.579806 36.428527)
2024-02-12,1707829352,Crescent,20,-79.561931,36.438365,66.93,POINT (-79.561931 36.438365)
2024-03-03,1709527892,Crescent,19,-79.559756,36.439235,62.82,POINT (-79.559756 36.439235)
2024-03-02,1709442908,Crescent,19,-79.540912,36.455905,58.56,POINT (-79.540912 36.455905)
2024-03-03,1709527710,Crescent,19,-79.524837,36.468601,55.53,POINT (-79.524837 36.468601)
2024-02-12,1707829534,Crescent,20,-79.52383,36.469116,52.9,POINT (-79.52383 36.469116)
2024-03-02,1709442726,Crescent,19,-79.501712,36.472667,49.81,POINT (-79.501712 36.472667)
2024-02-12,1707829713,Crescent,20,-79.488963,36.481571,44.87,POINT (-79.488963 36.481571)
2024-03-03,1709527516,Crescent,19,-79.486491,36.485984,43.6,POINT (-79.486491 36.485984)
2024-03-02,1709442546,Crescent,19,-79.480319,36.497608,43.41,POINT (-79.480319 36.497608)
2024-02-12,1707829895,Crescent,20,-79.468967,36.515628,65.26,POINT (-79.468967 36.515628)
2024-03-03,1709527350,Crescent,19,-79.46841,36.517189,64.81,POINT (-79.46841 36.517189)
2024-03-02,1709442366,Crescent,19,-79.459033,36.534969,54.65,POINT (-79.459033 36.534969)
2024-02-13,1707835297,Carolinian,80,-78.914271,36.002685,53.08,POINT (-78.914271 36.002685)
2024-02-12,1707803400,Piedmont,78,-78.914866,36.003047,50.57,POINT (-78.914866 36.003047)
2024-03-02,1709427412,Piedmont,76,-78.932795,36.011299,51.13,POINT (-78.932795 36.011299)
2024-02-13,1707826284,Piedmont,71,-78.937602,36.015777,51.65,POINT (-78.937602 36.015777)
2024-03-02,1709421141,Carolinian,79,-78.94279,36.016872,55.29,POINT (-78.94279 36.016872)
2024-02-13,1707835124,Carolinian,80,-78.949496,36.018253,52.81,POINT (-78.949496 36.018253)
2024-03-02,1709421319,Carolinian,79,-78.980304,36.0279,52.93,POINT (-78.980304 36.0279)
2024-03-02,1709427056,Piedmont,76,-79.00204,36.028057,64.09,POINT (-79.00204 36.028057)
2024-02-13,1707826606,Piedmont,71,-79.008876,36.028808,57.79,POINT (-79.008876 36.028808)
2024-02-13,1707834947,Carolinian,80,-78.985316,36.028964,59.09,POINT (-78.985316 36.028964)
2024-03-02,1709421500,Carolinian,79,-79.029483,36.034873,49.66,POINT (-79.029483 36.034873)
2024-02-13,1707834765,Carolinian,80,-79.033366,36.036216,54.39,POINT (-79.033366 36.036216)
2024-03-02,1709421681,Carolinian,79,-79.066226,36.044181,54.32,POINT (-79.066226 36.044181)
2024-03-02,1709426837,Piedmont,76,-79.067141,36.044986,47.3,POINT (-79.067141 36.044986)
2024-02-13,1707834587,Carolinian,80,-79.070155,36.048202,56.09,POINT (-79.070155 36.048202)
2024-02-13,1707826868,Piedmont,71,-79.072276,36.050456,52.19,POINT (-79.072276 36.050456)
2024-03-02,1709421859,Carolinian,79,-79.09463,36.066452,41.36,POINT (-79.09463 36.066452)
2024-02-13,1707834399,Carolinian,80,-79.100612,36.069541,37.55,POINT (-79.100612 36.069541)
2024-03-02,1709426510,Piedmont,76,-79.116839,36.070308,50.75,POINT (-79.116839 36.070308)
2024-02-13,1707827181,Piedmont,71,-79.12823,36.071968,47.83,POINT (-79.12823 36.071968)
2024-02-13,1707834220,Carolinian,80,-79.140208,36.072654,52.04,POINT (-79.140208 36.072654)
2024-03-02,1709422041,Carolinian,79,-79.134471,36.073131,49.3,POINT (-79.134471 36.073131)
2024-02-13,1707834053,Carolinian,80,-79.179416,36.078098,53.81,POINT (-79.179416 36.078098)
2024-03-02,1709422222,Carolinian,79,-79.178325,36.078449,55.94,POINT (-79.178325 36.078449)
2024-03-02,1709426183,Piedmont,76,-79.186213,36.078529,54.88,POINT (-79.186213 36.078529)
2024-02-13,1707827508,Piedmont,71,-79.19984,36.081607,61.76,POINT (-79.19984 36.081607)
2024-03-02,1709422403,Carolinian,79,-79.232875,36.085613,77.07,POINT (-79.232875 36.085613)
2024-02-13,1707833839,Carolinian,80,-79.245532,36.090682,77.9,POINT (-79.245532 36.090682)
2024-03-02,1709422763,Carolinian,79,-79.340304,36.092353,42.62,POINT (-79.340304 36.092353)
2024-02-13,1707833493,Carolinian,80,-79.342074,36.092639,45.24,POINT (-79.342074 36.092639)
2024-03-03,1709527352,Silver Meteor,97,-77.73598,36.070323,77.98,POINT (-77.73598 36.070323)
2024-02-12,1707811706,Silver Meteor,98,-77.723483,36.089229,76.78,POINT (-77.723483 36.089229)
2024-03-02,1709451655,Silver Meteor,98,-77.719279,36.095569,77.21,POINT (-77.719279 36.095569)
2024-03-02,1709442548,Silver Meteor,97,-77.714678,36.102596,78.34,POINT (-77.714678 36.102596)
2024-03-03,1709538329,Silver Meteor,98,-77.711016,36.108158,77.99,POINT (-77.711016 36.108158)
2024-02-12,1707811886,Silver Meteor,98,-77.704089,36.142753,78.33,POINT (-77.704089 36.142753)
2024-03-02,1709451834,Silver Meteor,98,-77.701228,36.149978,79.41,POINT (-77.701228 36.149978)
2024-03-02,1709442369,Silver Meteor,97,-77.695567,36.155315,78.19,POINT (-77.695567 36.155315)
2024-03-03,1709538507,Silver Meteor,98,-77.693224,36.157348,77.25,POINT (-77.693224 36.157348)
2024-02-12,1707812021,Silver Meteor,98,-77.672198,36.175624,78.15,POINT (-77.672198 36.175624)
2024-03-02,1709452015,Silver Meteor,98,-77.655711,36.192356,79.44,POINT (-77.655711 36.192356)
2024-03-03,1709538687,Silver Meteor,98,-77.651171,36.201728,76.53,POINT (-77.651171 36.201728)
2024-03-02,1709442169,Silver Meteor,97,-77.650355,36.203434,78.14,POINT (-77.650355 36.203434)
2024-02-12,1707812246,Silver Meteor,98,-77.636782,36.23772,78.31,POINT (-77.636782 36.23772)
2024-03-02,1709442004,Silver Meteor,97,-77.628756,36.25222,78.49,POINT (-77.628756 36.25222)
2024-03-03,1709538867,Silver Meteor,98,-77.627467,36.254505,77.44,POINT (-77.627467 36.254505)
2024-03-02,1709452285,Silver Meteor,98,-77.617777,36.271953,78.03,POINT (-77.617777 36.271953)
2024-02-12,1707812428,Silver Meteor,98,-77.6066,36.292896,77.98,POINT (-77.6066 36.292896)
2024-03-02,1709441822,Silver Meteor,97,-77.604388,36.304329,69.53,POINT (-77.604388 36.304329)
2024-03-03,1709539047,Silver Meteor,98,-77.602908,36.309543,70.9,POINT (-77.602908 36.309543)
2024-03-02,1709452465,Silver Meteor,98,-77.595263,36.32056,68.83,POINT (-77.595263 36.32056)
2024-02-12,1707812607,Silver Meteor,98,-77.598467,36.337905,70.07,POINT (-77.598467 36.337905)
2024-03-02,1709441643,Silver Meteor,97,-77.607432,36.350471,77.28,POINT (-77.607432 36.350471)
2024-03-03,1709539228,Silver Meteor,98,-77.610491,36.354778,78.06,POINT (-77.610491 36.354778)
2024-03-02,1709452645,Silver Meteor,98,-77.616778,36.369106,78.33,POINT (-77.616778 36.369106)
2024-02-12,1707812787,Silver Meteor,98,-77.612071,36.389892,78.17,POINT (-77.612071 36.389892)
2024-03-02,1709441464,Silver Meteor,97,-77.608622,36.404831,77.84,POINT (-77.608622 36.404831)
2024-03-03,1709539408,Silver Meteor,98,-77.608263,36.40644,77.37,POINT (-77.608263 36.40644)
2024-03-02,1709452826,Silver Meteor,98,-77.602557,36.424011,76.34,POINT (-77.602557 36.424011)
2024-02-12,1707812968,Silver Meteor,98,-77.582056,36.439846,77.93,POINT (-77.582056 36.439846)
2024-03-02,1709441282,Silver Meteor,97,-77.569865,36.449096,77.32,POINT (-77.569865 36.449096)
2024-03-03,1709539588,Silver Meteor,98,-77.568438,36.450199,78.2,POINT (-77.568438 36.450199)
2024-03-02,1709453005,Silver Meteor,98,-77.554614,36.463558,77.14,POINT (-77.554614 36.463558)
2024-02-12,1707813148,Silver Meteor,98,-77.548144,36.484432,78.08,POINT (-77.548144 36.484432)
2024-03-02,1709441102,Silver Meteor,97,-77.543322,36.49987,78.16,POINT (-77.543322 36.49987)
2024-03-03,1709539768,Silver Meteor,98,-77.543261,36.50008,77.75,POINT (-77.543261 36.50008)
2024-03-02,1709453185,Silver Meteor,98,-77.537173,36.51987,80.24,POINT (-77.537173 36.51987)
2024-02-12,1707813329,Silver Meteor,98,-77.530367,36.542064,78.66,POINT (-77.530367 36.542064)
2024-02-13,1707827770,Piedmont,71,-79.30762,36.095947,56.1,POINT (-79.30762 36.095947)
2024-02-13,1707833672,Carolinian,80,-79.301608,36.098297,57.77,POINT (-79.301608 36.098297)
2024-03-02,1709422582,Carolinian,79,-79.300937,36.098411,64.67,POINT (-79.300937 36.098411)
2024-03-02,1709425936,Piedmont,76,-79.290629,36.098598,71.47,POINT (-79.290629 36.098598)
